"データID","FRPリスト名","型式確認","品番","図番"
"zcrm_7345477000010940103","FRPタンク（槽のみ）　縦型","CRK50-02B","026094000","CK01-No01A"
"zcrm_7345477000025727238","CRKUF-02C-5.25S","CRKUF-02C-5.25S","021990000","CKU13-No25B"
"zcrm_7345477000025727304","CRKUFC-02C-5.25S","CRKUFC-02C-5.25S","022149000","CKU14-No25B"
"zcrm_7345477000025727424","CRKUFCT-06D-5.25S","CRKUFCT-06D-5.25S","022346000","CKU16-No23B"
"zcrm_7345477000025727370","CRKUFT-06D-5.25S","CRKUFT-06D-5.25S","022253000","CKU15-No23B"
"zcrm_7345477000025677886","CRKUR-02C-5.15S","CRKUR-02C-5.15S","021265000","CKU03-No01C"
"zcrm_7345477000025677974","CRKURC-02C-5.15S","CRKURC-02C-5.15S","021386000","CKU04-No01C"
"zcrm_7345477000025727151","CRKURCT-04C-5.15S","CRKURCT-04C-5.15S","021732000","CKU06-No01C"
"zcrm_7345477000025727063","CRKURT-04C-5.15S","CRKURT-04C-5.15S","021581000","CKU05-No01C"
"zcrm_7345477000025677710","CRKUSR-02B-5.15S","CRKUSR-02B-5.15S","020889000","CKU01-No01B"
"zcrm_7345477000025677798","CRKUSRC-02B-5.15S","CRKUSRC-02B-5.15S","020997000","CKU02-No01C"
"zcrm_7345477000010940114","FRPタンク（槽のみ）　縦型","CRK50-02C","026095000","CK01-No13A"
"zcrm_7345477000025727239","CRKUF-04C-5.25S","CRKUF-04C-5.25S","021991000","CKU13-No26B"
"zcrm_7345477000025727305","CRKUFC-04C-5.25S","CRKUFC-04C-5.25S","022150000","CKU14-No26B"
"zcrm_7345477000025727425","CRKUFCT-07D-5.25S","CRKUFCT-07D-5.25S","022347000","CKU16-No24B"
"zcrm_7345477000025727371","CRKUFT-07D-5.25S","CRKUFT-07D-5.25S","022254000","CKU15-No24B"
"zcrm_7345477000025677887","CRKUR-04C-5.15S","CRKUR-04C-5.15S","021266000","CKU03-No02C"
"zcrm_7345477000025677975","CRKURC-04C-5.15S","CRKURC-04C-5.15S","021387000","CKU04-No02C"
"zcrm_7345477000025727152","CRKURCT-06C-5.15S","CRKURCT-06C-5.15S","021733000","CKU06-No02C"
"zcrm_7345477000025727064","CRKURT-06C-5.15S","CRKURT-06C-5.15S","021582000","CKU05-No02C"
"zcrm_7345477000025677711","CRKUSR-04B-5.15S","CRKUSR-04B-5.15S","020890000","CKU01-No02B"
"zcrm_7345477000025677799","CRKUSRC-04B-5.15S","CRKUSRC-04B-5.15S","020998000","CKU02-No02C"
"zcrm_7345477000010940104","FRPタンク（槽のみ）　縦型","CRK50-04B","026096000","CK01-No02A"
"zcrm_7345477000025727240","CRKUF-06C-5.25S","CRKUF-06C-5.25S","021992000","CKU13-No27B"
"zcrm_7345477000025727306","CRKUFC-06C-5.25S","CRKUFC-06C-5.25S","022151000","CKU14-No27B"
"zcrm_7345477000025727426","CRKUFCT-10D-5.25S","CRKUFCT-10D-5.25S","022348000","CKU16-No25B"
"zcrm_7345477000025727372","CRKUFT-10D-5.25S","CRKUFT-10D-5.25S","022255000","CKU15-No25B"
"zcrm_7345477000025677888","CRKUR-06C-5.15S","CRKUR-06C-5.15S","021267000","CKU03-No03C"
"zcrm_7345477000025677976","CRKURC-06C-5.15S","CRKURC-06C-5.15S","021388000","CKU04-No03C"
"zcrm_7345477000025727153","CRKURCT-07C-5.15S","CRKURCT-07C-5.15S","021734000","CKU06-No03C"
"zcrm_7345477000025727065","CRKURT-07C-5.15S","CRKURT-07C-5.15S","021590000","CKU05-No03C"
"zcrm_7345477000025677712","CRKUSR-06B-5.15S","CRKUSR-06B-5.15S","020891000","CKU01-No03B"
"zcrm_7345477000025677800","CRKUSRC-06B-5.15S","CRKUSRC-06B-5.15S","020999000","CKU02-No03C"
"zcrm_7345477000010940115","FRPタンク（槽のみ）　縦型","CRK50-04C","026097000","CK01-No14A"
"zcrm_7345477000025727241","CRKUF-07C-5.25S","CRKUF-07C-5.25S","021993000","CKU13-No28B"
"zcrm_7345477000025727307","CRKUFC-07C-5.25S","CRKUFC-07C-5.25S","022152000","CKU14-No28B"
"zcrm_7345477000025727427","CRKUFCT-12D-5.25S","CRKUFCT-12D-5.25S","022349000","CKU16-No26B"
"zcrm_7345477000025727373","CRKUFT-12D-5.25S","CRKUFT-12D-5.25S","022256000","CKU15-No26B"
"zcrm_7345477000025677889","CRKUR-07C-5.15S","CRKUR-07C-5.15S","021268000","CKU03-No04C"
"zcrm_7345477000025677977","CRKURC-07C-5.15S","CRKURC-07C-5.15S","021392000","CKU04-No04C"
"zcrm_7345477000025727154","CRKURCT-10C-5.15S","CRKURCT-10C-5.15S","021735000","CKU06-No04C"
"zcrm_7345477000025727066","CRKURT-10C-5.15S","CRKURT-10C-5.15S","021591000","CKU05-No04C"
"zcrm_7345477000025677713","CRKUSR-07B-5.15S","CRKUSR-07B-5.15S","020893000","CKU01-No04B"
"zcrm_7345477000025677801","CRKUSRC-07B-5.15S","CRKUSRC-07B-5.15S","021001000","CKU02-No04C"
"zcrm_7345477000010940105","FRPタンク（槽のみ）　縦型","CRK50-06B","026098000","CK01-No03A"
"zcrm_7345477000025727242","CRKUF-10C-5.25S","CRKUF-10C-5.25S","021994000","CKU13-No29B"
"zcrm_7345477000025727308","CRKUFC-10C-5.25S","CRKUFC-10C-5.25S","022153000","CKU14-No29B"
"zcrm_7345477000025727428","CRKUFCT-15D-5.25S","CRKUFCT-15D-5.25S","022350000","CKU16-No27B"
"zcrm_7345477000025727374","CRKUFT-15D-5.25S","CRKUFT-15D-5.25S","022257000","CKU15-No27B"
"zcrm_7345477000025677890","CRKUR-10C-5.15S","CRKUR-10C-5.15S","021269000","CKU03-No05C"
"zcrm_7345477000025677978","CRKURC-10C-5.15S","CRKURC-10C-5.15S","021401000","CKU04-No05C"
"zcrm_7345477000025727155","CRKURCT-12C-5.15S","CRKURCT-12C-5.15S","021736000","CKU06-No05C"
"zcrm_7345477000025727067","CRKURT-12C-5.15S","CRKURT-12C-5.15S","021592000","CKU05-No05C"
"zcrm_7345477000025677714","CRKUSR-10B-5.15S","CRKUSR-10B-5.15S","020894000","CKU01-No05B"
"zcrm_7345477000025677802","CRKUSRC-10B-5.15S","CRKUSRC-10B-5.15S","021002000","CKU02-No05C"
"zcrm_7345477000010940116","FRPタンク（槽のみ）　縦型","CRK50-06C","026099000","CK01-No15A"
"zcrm_7345477000025727243","CRKUF-12C-5.25S","CRKUF-12C-5.25S","021997000","CKU13-No30B"
"zcrm_7345477000025727309","CRKUFC-12C-5.25S","CRKUFC-12C-5.25S","022154000","CKU14-No30B"
"zcrm_7345477000025727429","CRKUFCT-17D-5.25S","CRKUFCT-17D-5.25S","022351000","CKU16-No28B"
"zcrm_7345477000025727375","CRKUFT-17D-5.25S","CRKUFT-17D-5.25S","022258000","CKU15-No28B"
"zcrm_7345477000025677891","CRKUR-12C-5.15S","CRKUR-12C-5.15S","021270000","CKU03-No06C"
"zcrm_7345477000025677979","CRKURC-12C-5.15S","CRKURC-12C-5.15S","021402000","CKU04-No06C"
"zcrm_7345477000025727156","CRKURCT-15C-5.15S","CRKURCT-15C-5.15S","021737000","CKU06-No06C"
"zcrm_7345477000025727068","CRKURT-15C-5.15S","CRKURT-15C-5.15S","021593000","CKU05-No06C"
"zcrm_7345477000025677715","CRKUSR-12B-5.15S","CRKUSR-12B-5.15S","020895000","CKU01-No06B"
"zcrm_7345477000025677803","CRKUSRC-12B-5.15S","CRKUSRC-12B-5.15S","021003000","CKU02-No06C"
"zcrm_7345477000010940125","FRPタンク（槽のみ）　縦型","CRK50-06D","026100000","CK01-No25A"
"zcrm_7345477000025727244","CRKUF-15C-5.25S","CRKUF-15C-5.25S","021998000","CKU13-No31B"
"zcrm_7345477000025727310","CRKUFC-15C-5.25S","CRKUFC-15C-5.25S","022155000","CKU14-No31B"
"zcrm_7345477000025727430","CRKUFCT-18D-5.25S","CRKUFCT-18D-5.25S","022352000","CKU16-No29B"
"zcrm_7345477000025727376","CRKUFT-18D-5.25S","CRKUFT-18D-5.25S","022259000","CKU15-No29B"
"zcrm_7345477000025677892","CRKUR-15C-5.15S","CRKUR-15C-5.15S","021279000","CKU03-No07C"
"zcrm_7345477000025677980","CRKURC-15C-5.15S","CRKURC-15C-5.15S","021403000","CKU04-No07C"
"zcrm_7345477000025727157","CRKURCT-17C-5.15S","CRKURCT-17C-5.15S","021739000","CKU06-No07C"
"zcrm_7345477000025727069","CRKURT-17C-5.15S","CRKURT-17C-5.15S","021594000","CKU05-No07C"
"zcrm_7345477000025677716","CRKUSR-15B-5.15S","CRKUSR-15B-5.15S","020896000","CKU01-No07B"
"zcrm_7345477000025677804","CRKUSRC-15B-5.15S","CRKUSRC-15B-5.15S","021004000","CKU02-No07C"
"zcrm_7345477000010940106","FRPタンク（槽のみ）　縦型","CRK50-07B","026101000","CK01-No04A"
"zcrm_7345477000025727245","CRKUF-17C-5.25S","CRKUF-17C-5.25S","022004000","CKU13-No32B"
"zcrm_7345477000025727311","CRKUFC-17C-5.25S","CRKUFC-17C-5.25S","022165000","CKU14-No32B"
"zcrm_7345477000025727431","CRKUFCT-22D-5.25S","CRKUFCT-22D-5.25S","022354000","CKU16-No31B"
"zcrm_7345477000025727377","CRKUFT-22D-5.25S","CRKUFT-22D-5.25S","022261000","CKU15-No31B"
"zcrm_7345477000025677893","CRKUR-17C-5.15S","CRKUR-17C-5.15S","021280000","CKU03-No08C"
"zcrm_7345477000025677981","CRKURC-17C-5.15S","CRKURC-17C-5.15S","021404000","CKU04-No08C"
"zcrm_7345477000025727158","CRKURCT-18C-5.15S","CRKURCT-18C-5.15S","021740000","CKU06-No08C"
"zcrm_7345477000025727070","CRKURT-18C-5.15S","CRKURT-18C-5.15S","021596000","CKU05-No08C"
"zcrm_7345477000025677717","CRKUSR-17B-5.15S","CRKUSR-17B-5.15S","020897000","CKU01-No08B"
"zcrm_7345477000025677805","CRKUSRC-17B-5.15S","CRKUSRC-17B-5.15S","021007000","CKU02-No08C"
"zcrm_7345477000010940117","FRPタンク（槽のみ）　縦型","CRK50-07C","026102000","CK01-No16A"
"zcrm_7345477000025727246","CRKUF-18C-5.25S","CRKUF-18C-5.25S","022007000","CKU13-No33B"
"zcrm_7345477000025727312","CRKUFC-18C-5.25S","CRKUFC-18C-5.25S","022166000","CKU14-No33B"
"zcrm_7345477000025727432","CRKUFCT-26D-5.25S","CRKUFCT-26D-5.25S","022355000","CKU16-No32B"
"zcrm_7345477000025727378","CRKUFT-26D-5.25S","CRKUFT-26D-5.25S","022272000","CKU15-No32B"
"zcrm_7345477000025677894","CRKUR-18C-5.15S","CRKUR-18C-5.15S","021281000","CKU03-No09C"
"zcrm_7345477000025677982","CRKURC-18C-5.15S","CRKURC-18C-5.15S","021405000","CKU04-No09C"
"zcrm_7345477000025727159","CRKURCT-22C-5.15S","CRKURCT-22C-5.15S","021742000","CKU06-No10C"
"zcrm_7345477000025727071","CRKURT-22C-5.15S","CRKURT-22C-5.15S","021598000","CKU05-No10C"
"zcrm_7345477000025677718","CRKUSR-18B-5.15S","CRKUSR-18B-5.15S","020898000","CKU01-No09B"
"zcrm_7345477000025677806","CRKUSRC-18B-5.15S","CRKUSRC-18B-5.15S","021015000","CKU02-No09C"
"zcrm_7345477000010940126","FRPタンク（槽のみ）　縦型","CRK50-07D","026103000","CK01-No26A"
"zcrm_7345477000025727247","CRKUF-22C-5.25S","CRKUF-22C-5.25S","022009000","CKU13-No35B"
"zcrm_7345477000025727313","CRKUFC-22C-5.25S","CRKUFC-22C-5.25S","022168000","CKU14-No35B"
"zcrm_7345477000025727795","CRKUFCT-06D-5.25","CRKUFCT-06D-5.25","030505000","CKU16-No33B"
"zcrm_7345477000025727831","CRKUFT-06D-5.25","CRKUFT-06D-5.25","030545000","CKU15-No33B"
"zcrm_7345477000025677895","CRKUR-22C-5.15S","CRKUR-22C-5.15S","021283000","CKU03-No11C"
"zcrm_7345477000025677983","CRKURC-22C-5.15S","CRKURC-22C-5.15S","021407000","CKU04-No11C"
"zcrm_7345477000025727160","CRKURCT-26C-5.15S","CRKURCT-26C-5.15S","021743000","CKU06-No11C"
"zcrm_7345477000025727072","CRKURT-26C-5.15S","CRKURT-26C-5.15S","021599000","CKU05-No11C"
"zcrm_7345477000025677719","CRKUSR-22B-5.15S","CRKUSR-22B-5.15S","020900000","CKU01-No11B"
"zcrm_7345477000025677807","CRKUSRC-22B-5.15S","CRKUSRC-22B-5.15S","021017000","CKU02-No11C"
"zcrm_7345477000010940107","FRPタンク（槽のみ）　縦型","CRK50-10B","026104000","CK01-No05A"
"zcrm_7345477000025727248","CRKUF-26C-5.25S","CRKUF-26C-5.25S","022010000","CKU13-No36B"
"zcrm_7345477000025727314","CRKUFC-26C-5.25S","CRKUFC-26C-5.25S","022169000","CKU14-No36B"
"zcrm_7345477000025727796","CRKUFCT-07D-5.25","CRKUFCT-07D-5.25","030506000","CKU16-No34B"
"zcrm_7345477000025727832","CRKUFT-07D-5.25","CRKUFT-07D-5.25","030546000","CKU15-No34B"
"zcrm_7345477000025677896","CRKUR-26C-5.15S","CRKUR-26C-5.15S","021284000","CKU03-No12C"
"zcrm_7345477000025677984","CRKURC-26C-5.15S","CRKURC-26C-5.15S","021408000","CKU04-No12C"
"zcrm_7345477000025727977","CRKURCT-04C-5.15","CRKURCT-04C-5.15","031133000","CKU06-No12B"
"zcrm_7345477000025727074","CRKURT-04C-5.25S","CRKURT-04C-5.25S","021601000","CKU15-No01C"
"zcrm_7345477000025677720","CRKUSR-26B-5.15S","CRKUSR-26B-5.15S","020901000","CKU01-No12B"
"zcrm_7345477000025677808","CRKUSRC-26B-5.15S","CRKUSRC-26B-5.15S","021019000","CKU02-No12C"
"zcrm_7345477000010940118","FRPタンク（槽のみ）　縦型","CRK50-10C","026105000","CK01-No17A"
"zcrm_7345477000025727707","CRKUF-02C-5.25","CRKUF-02C-5.25","030029000","CKU13-No37B"
"zcrm_7345477000025727751","CRKUFC-02C-5.25","CRKUFC-02C-5.25","030294000","CKU14-No37B"
"zcrm_7345477000025727797","CRKUFCT-10D-5.25","CRKUFCT-10D-5.25","030507000","CKU16-No35B"
"zcrm_7345477000025727833","CRKUFT-10D-5.25","CRKUFT-10D-5.25","030551000","CKU15-No35B"
"zcrm_7345477000025677897","CRKUR-02C-5.25S","CRKUR-02C-5.25S","021285000","CKU13-No01C"
"zcrm_7345477000025727889","CRKURC-02C-5.15","CRKURC-02C-5.15","030668000","CKU04-No13B"
"zcrm_7345477000025727978","CRKURCT-06C-5.15","CRKURCT-06C-5.15","031134000","CKU06-No13B"
"zcrm_7345477000025727075","CRKURT-06C-5.25S","CRKURT-06C-5.25S","021602000","CKU15-No02C"
"zcrm_7345477000025728077","CRKUSR-02B-5.15","CRKUSR-02B-5.15","031244000","CKU01-No13B"
"zcrm_7345477000025728143","CRKUSRC-02B-5.15","CRKUSRC-02B-5.15","031326000","CKU02-No13B"
"zcrm_7345477000010940127","FRPタンク（槽のみ）　縦型","CRK50-10D","026106000","CK01-No27A"
"zcrm_7345477000025727708","CRKUF-04C-5.25","CRKUF-04C-5.25","030033000","CKU13-No38B"
"zcrm_7345477000025727752","CRKUFC-04C-5.25","CRKUFC-04C-5.25","030295000","CKU14-No38B"
"zcrm_7345477000025727798","CRKUFCT-12D-5.25","CRKUFCT-12D-5.25","030508000","CKU16-No36B"
"zcrm_7345477000025727834","CRKUFT-12D-5.25","CRKUFT-12D-5.25","030552000","CKU15-No36B"
"zcrm_7345477000025677898","CRKUR-04C-5.25S","CRKUR-04C-5.25S","021286000","CKU13-No02C"
"zcrm_7345477000025727890","CRKURC-04C-5.15","CRKURC-04C-5.15","030696000","CKU04-No14B"
"zcrm_7345477000025727979","CRKURCT-07C-5.15","CRKURCT-07C-5.15","031135000","CKU06-No14B"
"zcrm_7345477000025727076","CRKURT-07C-5.25S","CRKURT-07C-5.25S","021603000","CKU15-No03C"
"zcrm_7345477000025728078","CRKUSR-04B-5.15","CRKUSR-04B-5.15","031245000","CKU01-No14B"
"zcrm_7345477000025728144","CRKUSRC-04B-5.15","CRKUSRC-04B-5.15","031327000","CKU02-No14B"
"zcrm_7345477000010940134","FRPタンク（槽のみ）　縦型","CRK50-10E","026107000","CK01-No35A"
"zcrm_7345477000025727709","CRKUF-06C-5.25","CRKUF-06C-5.25","030035000","CKU13-No39B"
"zcrm_7345477000025727753","CRKUFC-06C-5.25","CRKUFC-06C-5.25","030296000","CKU14-No39B"
"zcrm_7345477000025727799","CRKUFCT-15D-5.25","CRKUFCT-15D-5.25","030509000","CKU16-No37B"
"zcrm_7345477000025727835","CRKUFT-15D-5.25","CRKUFT-15D-5.25","030553000","CKU15-No37B"
"zcrm_7345477000025677899","CRKUR-06C-5.25S","CRKUR-06C-5.25S","021287000","CKU13-No03C"
"zcrm_7345477000025727891","CRKURC-06C-5.15","CRKURC-06C-5.15","030697000","CKU04-No15B"
"zcrm_7345477000025727980","CRKURCT-10C-5.15","CRKURCT-10C-5.15","031136000","CKU06-No15B"
"zcrm_7345477000025727077","CRKURT-10C-5.25S","CRKURT-10C-5.25S","021604000","CKU15-No04C"
"zcrm_7345477000025728079","CRKUSR-06B-5.15","CRKUSR-06B-5.15","031246000","CKU01-No15B"
"zcrm_7345477000025728145","CRKUSRC-06B-5.15","CRKUSRC-06B-5.15","031328000","CKU02-No15B"
"zcrm_7345477000010940108","FRPタンク（槽のみ）　縦型","CRK50-12B","026108000","CK01-No06A"
"zcrm_7345477000025727710","CRKUF-07C-5.25","CRKUF-07C-5.25","030037000","CKU13-No40B"
"zcrm_7345477000025727754","CRKUFC-07C-5.25","CRKUFC-07C-5.25","030297000","CKU14-No40B"
"zcrm_7345477000025727800","CRKUFCT-17D-5.25","CRKUFCT-17D-5.25","030510000","CKU16-No38B"
"zcrm_7345477000025727836","CRKUFT-17D-5.25","CRKUFT-17D-5.25","030554000","CKU15-No38B"
"zcrm_7345477000025677900","CRKUR-07C-5.25S","CRKUR-07C-5.25S","021288000","CKU13-No04C"
"zcrm_7345477000025727892","CRKURC-07C-5.15","CRKURC-07C-5.15","030711000","CKU04-No16B"
"zcrm_7345477000025727981","CRKURCT-12C-5.15","CRKURCT-12C-5.15","031137000","CKU06-No16B"
"zcrm_7345477000025727078","CRKURT-12C-5.25S","CRKURT-12C-5.25S","021605000","CKU15-No05C"
"zcrm_7345477000025728080","CRKUSR-07B-5.15","CRKUSR-07B-5.15","031247000","CKU01-No16B"
"zcrm_7345477000025728146","CRKUSRC-07B-5.15","CRKUSRC-07B-5.15","031329000","CKU02-No16B"
"zcrm_7345477000010940119","FRPタンク（槽のみ）　縦型","CRK50-12C","026109000","CK01-No18A"
"zcrm_7345477000025727711","CRKUF-10C-5.25","CRKUF-10C-5.25","030038000","CKU13-No41B"
"zcrm_7345477000025727755","CRKUFC-10C-5.25","CRKUFC-10C-5.25","030325000","CKU14-No41B"
"zcrm_7345477000025727801","CRKUFCT-18D-5.25","CRKUFCT-18D-5.25","030511000","CKU16-No39B"
"zcrm_7345477000025727837","CRKUFT-18D-5.25","CRKUFT-18D-5.25","030555000","CKU15-No39B"
"zcrm_7345477000025677901","CRKUR-10C-5.25S","CRKUR-10C-5.25S","021289000","CKU13-No05C"
"zcrm_7345477000025727893","CRKURC-10C-5.15","CRKURC-10C-5.15","030712000","CKU04-No17B"
"zcrm_7345477000025727982","CRKURCT-15C-5.15","CRKURCT-15C-5.15","031138000","CKU06-No17B"
"zcrm_7345477000025727079","CRKURT-15C-5.25S","CRKURT-15C-5.25S","021606000","CKU15-No06C"
"zcrm_7345477000025728081","CRKUSR-10B-5.15","CRKUSR-10B-5.15","031248000","CKU01-No17B"
"zcrm_7345477000025728147","CRKUSRC-10B-5.15","CRKUSRC-10B-5.15","031330000","CKU02-No17B"
"zcrm_7345477000010940128","FRPタンク（槽のみ）　縦型","CRK50-12D","026110000","CK01-No28A"
"zcrm_7345477000025727712","CRKUF-12C-5.25","CRKUF-12C-5.25","030039000","CKU13-No42B"
"zcrm_7345477000025727756","CRKUFC-12C-5.25","CRKUFC-12C-5.25","030326000","CKU14-No42B"
"zcrm_7345477000025727802","CRKUFCT-22D-5.25","CRKUFCT-22D-5.25","030513000","CKU16-No41B"
"zcrm_7345477000025727838","CRKUFT-22D-5.25","CRKUFT-22D-5.25","030557000","CKU15-No41B"
"zcrm_7345477000025677902","CRKUR-12C-5.25S","CRKUR-12C-5.25S","021290000","CKU13-No06C"
"zcrm_7345477000025727894","CRKURC-12C-5.15","CRKURC-12C-5.15","030713000","CKU04-No18B"
"zcrm_7345477000025727983","CRKURCT-17C-5.15","CRKURCT-17C-5.15","031139000","CKU06-No18B"
"zcrm_7345477000025727080","CRKURT-17C-5.25S","CRKURT-17C-5.25S","021608000","CKU15-No07C"
"zcrm_7345477000025728082","CRKUSR-12B-5.15","CRKUSR-12B-5.15","031249000","CKU01-No18B"
"zcrm_7345477000025728148","CRKUSRC-12B-5.15","CRKUSRC-12B-5.15","031331000","CKU02-No18B"
"zcrm_7345477000010940135","FRPタンク（槽のみ）　縦型","CRK50-12E","026111000","CK01-No36A"
"zcrm_7345477000025727713","CRKUF-15C-5.25","CRKUF-15C-5.25","030045000","CKU13-No43B"
"zcrm_7345477000025727757","CRKUFC-15C-5.25","CRKUFC-15C-5.25","030340000","CKU14-No43B"
"zcrm_7345477000025727803","CRKUFCT-26D-5.25","CRKUFCT-26D-5.25","030514000","CKU16-No42B"
"zcrm_7345477000025727839","CRKUFT-26D-5.25","CRKUFT-26D-5.25","030558000","CKU15-No42B"
"zcrm_7345477000025677903","CRKUR-15C-5.25S","CRKUR-15C-5.25S","021291000","CKU13-No07C"
"zcrm_7345477000025727895","CRKURC-15C-5.15","CRKURC-15C-5.15","030714000","CKU04-No19B"
"zcrm_7345477000025727984","CRKURCT-18C-5.15","CRKURCT-18C-5.15","031140000","CKU06-No19B"
"zcrm_7345477000025727081","CRKURT-18C-5.25S","CRKURT-18C-5.25S","021610000","CKU15-No08C"
"zcrm_7345477000025728083","CRKUSR-15B-5.15","CRKUSR-15B-5.15","031250000","CKU01-No19B"
"zcrm_7345477000025728149","CRKUSRC-15B-5.15","CRKUSRC-15B-5.15","031332000","CKU02-No19B"
"zcrm_7345477000010940109","FRPタンク（槽のみ）　縦型","CRK50-15B","026112000","CK01-No07A"
"zcrm_7345477000025727714","CRKUF-17C-5.25","CRKUF-17C-5.25","030059000","CKU13-No44B"
"zcrm_7345477000025727758","CRKUFC-17C-5.25","CRKUFC-17C-5.25","030365000","CKU14-No44B"
"zcrm_7345477000025727433","CRKUFCT-06D-5.4S","CRKUFCT-06D-5.4S","022356000","CKU26-No23B"
"zcrm_7345477000025727379","CRKUFT-06D-5.4S","CRKUFT-06D-5.4S","022273000","CKU25-No23B"
"zcrm_7345477000025677904","CRKUR-17C-5.25S","CRKUR-17C-5.25S","021293000","CKU13-No08C"
"zcrm_7345477000025727896","CRKURC-17C-5.15","CRKURC-17C-5.15","030715000","CKU04-No20B"
"zcrm_7345477000025727985","CRKURCT-22C-5.15","CRKURCT-22C-5.15","031142000","CKU06-No21B"
"zcrm_7345477000025727082","CRKURT-22C-5.25S","CRKURT-22C-5.25S","021612000","CKU15-No10C"
"zcrm_7345477000025728084","CRKUSR-17B-5.15","CRKUSR-17B-5.15","031251000","CKU01-No20B"
"zcrm_7345477000025728150","CRKUSRC-17B-5.15","CRKUSRC-17B-5.15","031333000","CKU02-No20B"
"zcrm_7345477000010940120","FRPタンク（槽のみ）　縦型","CRK50-15C","026113000","CK01-No19A"
"zcrm_7345477000025727715","CRKUF-18C-5.25","CRKUF-18C-5.25","030065000","CKU13-No45B"
"zcrm_7345477000025727759","CRKUFC-18C-5.25","CRKUFC-18C-5.25","030366000","CKU14-No45B"
"zcrm_7345477000025727434","CRKUFCT-07D-5.4S","CRKUFCT-07D-5.4S","022357000","CKU26-No24B"
"zcrm_7345477000025727380","CRKUFT-07D-5.4S","CRKUFT-07D-5.4S","022274000","CKU25-No24B"
"zcrm_7345477000025677905","CRKUR-18C-5.25S","CRKUR-18C-5.25S","021294000","CKU13-No09C"
"zcrm_7345477000025727897","CRKURC-18C-5.15","CRKURC-18C-5.15","030716000","CKU04-No21B"
"zcrm_7345477000025727986","CRKURCT-26C-5.15","CRKURCT-26C-5.15","031143000","CKU06-No22B"
"zcrm_7345477000025727083","CRKURT-26C-5.25S","CRKURT-26C-5.25S","021613000","CKU15-No11C"
"zcrm_7345477000025728085","CRKUSR-18B-5.15","CRKUSR-18B-5.15","031252000","CKU01-No21B"
"zcrm_7345477000025728151","CRKUSRC-18B-5.15","CRKUSRC-18B-5.15","031334000","CKU02-No21B"
"zcrm_7345477000010940129","FRPタンク（槽のみ）　縦型","CRK50-15D","026114000","CK01-No29A"
"zcrm_7345477000025727716","CRKUF-22C-5.25","CRKUF-22C-5.25","030072000","CKU13-No47B"
"zcrm_7345477000025727760","CRKUFC-22C-5.25","CRKUFC-22C-5.25","030368000","CKU14-No47B"
"zcrm_7345477000025727435","CRKUFCT-10D-5.4S","CRKUFCT-10D-5.4S","022358000","CKU26-No25B"
"zcrm_7345477000025727381","CRKUFT-10D-5.4S","CRKUFT-10D-5.4S","022276000","CKU25-No25B"
"zcrm_7345477000025677906","CRKUR-22C-5.25S","CRKUR-22C-5.25S","021296000","CKU13-No11C"
"zcrm_7345477000025727898","CRKURC-22C-5.15","CRKURC-22C-5.15","030734000","CKU04-No23B"
"zcrm_7345477000025727162","CRKURCT-04C-5.25S","CRKURCT-04C-5.25S","021747000","CKU16-No01C"
"zcrm_7345477000025728037","CRKURT-04C-5.25","CRKURT-04C-5.25","031200000","CKU15-No12B"
"zcrm_7345477000025728086","CRKUSR-22B-5.15","CRKUSR-22B-5.15","031254000","CKU01-No23B"
"zcrm_7345477000025728152","CRKUSRC-22B-5.15","CRKUSRC-22B-5.15","031336000","CKU02-No23B"
"zcrm_7345477000010940136","FRPタンク（槽のみ）　縦型","CRK50-15E","026115000","CK01-No37A"
"zcrm_7345477000025727717","CRKUF-26C-5.25","CRKUF-26C-5.25","030073000","CKU13-No48B"
"zcrm_7345477000025727761","CRKUFC-26C-5.25","CRKUFC-26C-5.25","030369000","CKU14-No48B"
"zcrm_7345477000025727436","CRKUFCT-12D-5.4S","CRKUFCT-12D-5.4S","022359000","CKU26-No26B"
"zcrm_7345477000025727382","CRKUFT-12D-5.4S","CRKUFT-12D-5.4S","022280000","CKU25-No26B"
"zcrm_7345477000025677907","CRKUR-26C-5.25S","CRKUR-26C-5.25S","021297000","CKU13-No12C"
"zcrm_7345477000025727899","CRKURC-26C-5.15","CRKURC-26C-5.15","030735000","CKU04-No24B"
"zcrm_7345477000025727163","CRKURCT-06C-5.25S","CRKURCT-06C-5.25S","021748000","CKU16-No02C"
"zcrm_7345477000025728038","CRKURT-06C-5.25","CRKURT-06C-5.25","031201000","CKU15-No13B"
"zcrm_7345477000025728087","CRKUSR-26B-5.15","CRKUSR-26B-5.15","031255000","CKU01-No24B"
"zcrm_7345477000025728153","CRKUSRC-26B-5.15","CRKUSRC-26B-5.15","031337000","CKU02-No24B"
"zcrm_7345477000010940110","FRPタンク（槽のみ）　縦型","CRK50-17B","026116000","CK01-No08A"
"zcrm_7345477000025727249","CRKUF-02C-5.4S","CRKUF-02C-5.4S","022029000","CKU23-No25B"
"zcrm_7345477000025727315","CRKUFC-02C-5.4S","CRKUFC-02C-5.4S","022170000","CKU24-No25B"
"zcrm_7345477000025727437","CRKUFCT-15D-5.4S","CRKUFCT-15D-5.4S","022360000","CKU26-No27B"
"zcrm_7345477000025727383","CRKUFT-15D-5.4S","CRKUFT-15D-5.4S","022281000","CKU25-No27B"
"zcrm_7345477000025727867","CRKUR-02C-5.25","CRKUR-02C-5.25","030627000","CKU13-No13B"
"zcrm_7345477000025677985","CRKURC-02C-5.25S","CRKURC-02C-5.25S","021412000","CKU14-No01C"
"zcrm_7345477000025727164","CRKURCT-07C-5.25S","CRKURCT-07C-5.25S","021749000","CKU16-No03C"
"zcrm_7345477000025728039","CRKURT-07C-5.25","CRKURT-07C-5.25","031202000","CKU15-No14B"
"zcrm_7345477000025677721","CRKUSR-02B-5.25S","CRKUSR-02B-5.25S","020902000","CKU11-No01C"
"zcrm_7345477000025677809","CRKUSRC-02B-5.25S","CRKUSRC-02B-5.25S","021020000","CKU12-No01C"
"zcrm_7345477000010940121","FRPタンク（槽のみ）　縦型","CRK50-17C","026117000","CK01-No20A"
"zcrm_7345477000025727250","CRKUF-04C-5.4S","CRKUF-04C-5.4S","022049000","CKU23-No26B"
"zcrm_7345477000025727316","CRKUFC-04C-5.4S","CRKUFC-04C-5.4S","022171000","CKU24-No26B"
"zcrm_7345477000025727438","CRKUFCT-17D-5.4S","CRKUFCT-17D-5.4S","022364000","CKU26-No28B"
"zcrm_7345477000025727384","CRKUFT-17D-5.4S","CRKUFT-17D-5.4S","022282000","CKU25-No28B"
"zcrm_7345477000025727868","CRKUR-04C-5.25","CRKUR-04C-5.25","030628000","CKU13-No14B"
"zcrm_7345477000025677986","CRKURC-04C-5.25S","CRKURC-04C-5.25S","021422000","CKU14-No02C"
"zcrm_7345477000025727165","CRKURCT-10C-5.25S","CRKURCT-10C-5.25S","021764000","CKU16-No04C"
"zcrm_7345477000025728040","CRKURT-10C-5.25","CRKURT-10C-5.25","031203000","CKU15-No15B"
"zcrm_7345477000025677722","CRKUSR-04B-5.25S","CRKUSR-04B-5.25S","020903000","CKU11-No02C"
"zcrm_7345477000025677810","CRKUSRC-04B-5.25S","CRKUSRC-04B-5.25S","021021000","CKU12-No02C"
"zcrm_7345477000010940130","FRPタンク（槽のみ）　縦型","CRK50-17D","026118000","CK01-No30A"
"zcrm_7345477000025727251","CRKUF-06C-5.4S","CRKUF-06C-5.4S","022051000","CKU23-No27B"
"zcrm_7345477000025727317","CRKUFC-06C-5.4S","CRKUFC-06C-5.4S","022172000","CKU24-No27B"
"zcrm_7345477000025727439","CRKUFCT-18D-5.4S","CRKUFCT-18D-5.4S","022365000","CKU26-No29B"
"zcrm_7345477000025727385","CRKUFT-18D-5.4S","CRKUFT-18D-5.4S","022283000","CKU25-No29B"
"zcrm_7345477000025727869","CRKUR-06C-5.25","CRKUR-06C-5.25","030629000","CKU13-No15B"
"zcrm_7345477000025677987","CRKURC-06C-5.25S","CRKURC-06C-5.25S","021423000","CKU14-No03C"
"zcrm_7345477000025727166","CRKURCT-12C-5.25S","CRKURCT-12C-5.25S","021770000","CKU16-No05C"
"zcrm_7345477000025728041","CRKURT-12C-5.25","CRKURT-12C-5.25","031204000","CKU15-No16B"
"zcrm_7345477000025677723","CRKUSR-06B-5.25S","CRKUSR-06B-5.25S","020904000","CKU11-No03C"
"zcrm_7345477000025677811","CRKUSRC-06B-5.25S","CRKUSRC-06B-5.25S","021022000","CKU12-No03C"
"zcrm_7345477000010940137","FRPタンク（槽のみ）　縦型","CRK50-17E","026119000","CK01-No38A"
"zcrm_7345477000025727252","CRKUF-07C-5.4S","CRKUF-07C-5.4S","022052000","CKU23-No28B"
"zcrm_7345477000025727318","CRKUFC-07C-5.4S","CRKUFC-07C-5.4S","022173000","CKU24-No28B"
"zcrm_7345477000025727440","CRKUFCT-22D-5.4S","CRKUFCT-22D-5.4S","022369000","CKU26-No31B"
"zcrm_7345477000025727386","CRKUFT-22D-5.4S","CRKUFT-22D-5.4S","022285000","CKU25-No31B"
"zcrm_7345477000025727870","CRKUR-07C-5.25","CRKUR-07C-5.25","030630000","CKU13-No16B"
"zcrm_7345477000025677988","CRKURC-07C-5.25S","CRKURC-07C-5.25S","021424000","CKU14-No04C"
"zcrm_7345477000025727167","CRKURCT-15C-5.25S","CRKURCT-15C-5.25S","021777000","CKU16-No06C"
"zcrm_7345477000025728042","CRKURT-15C-5.25","CRKURT-15C-5.25","031205000","CKU15-No17B"
"zcrm_7345477000025677724","CRKUSR-07B-5.25S","CRKUSR-07B-5.25S","020905000","CKU11-No04C"
"zcrm_7345477000025677812","CRKUSRC-07B-5.25S","CRKUSRC-07B-5.25S","021023000","CKU12-No04C"
"zcrm_7345477000010940111","FRPタンク（槽のみ）　縦型","CRK50-18B","026120000","CK01-No09A"
"zcrm_7345477000025727253","CRKUF-10C-5.4S","CRKUF-10C-5.4S","022053000","CKU23-No29B"
"zcrm_7345477000025727319","CRKUFC-10C-5.4S","CRKUFC-10C-5.4S","022174000","CKU24-No29B"
"zcrm_7345477000025727441","CRKUFCT-26D-5.4S","CRKUFCT-26D-5.4S","022372000","CKU26-No32B"
"zcrm_7345477000025727387","CRKUFT-26D-5.4S","CRKUFT-26D-5.4S","022286000","CKU25-No32B"
"zcrm_7345477000025727871","CRKUR-10C-5.25","CRKUR-10C-5.25","030634000","CKU13-No17B"
"zcrm_7345477000025677989","CRKURC-10C-5.25S","CRKURC-10C-5.25S","021425000","CKU14-No05C"
"zcrm_7345477000025727168","CRKURCT-17C-5.25S","CRKURCT-17C-5.25S","021779000","CKU16-No07C"
"zcrm_7345477000025728043","CRKURT-17C-5.25","CRKURT-17C-5.25","031206000","CKU15-No18B"
"zcrm_7345477000025677725","CRKUSR-10B-5.25S","CRKUSR-10B-5.25S","020906000","CKU11-No05C"
"zcrm_7345477000025677813","CRKUSRC-10B-5.25S","CRKUSRC-10B-5.25S","021026000","CKU12-No05C"
"zcrm_7345477000010940122","FRPタンク（槽のみ）　縦型","CRK50-18C","026121000","CK01-No21A"
"zcrm_7345477000025727254","CRKUF-12C-5.4S","CRKUF-12C-5.4S","022062000","CKU23-No30B"
"zcrm_7345477000025727320","CRKUFC-12C-5.4S","CRKUFC-12C-5.4S","022175000","CKU24-No30B"
"zcrm_7345477000025727804","CRKUFCT-06D-5.4","CRKUFCT-06D-5.4","030515000","CKU26-No33B"
"zcrm_7345477000025727840","CRKUFT-06D-5.4","CRKUFT-06D-5.4","030559000","CKU25-No33B"
"zcrm_7345477000025727872","CRKUR-12C-5.25","CRKUR-12C-5.25","030635000","CKU13-No18B"
"zcrm_7345477000025677990","CRKURC-12C-5.25S","CRKURC-12C-5.25S","021428000","CKU14-No06C"
"zcrm_7345477000025727169","CRKURCT-18C-5.25S","CRKURCT-18C-5.25S","021780000","CKU16-No08C"
"zcrm_7345477000025728044","CRKURT-18C-5.25","CRKURT-18C-5.25","031207000","CKU15-No19B"
"zcrm_7345477000025677726","CRKUSR-12B-5.25S","CRKUSR-12B-5.25S","020907000","CKU11-No06C"
"zcrm_7345477000025677814","CRKUSRC-12B-5.25S","CRKUSRC-12B-5.25S","021028000","CKU12-No06C"
"zcrm_7345477000010940131","FRPタンク（槽のみ）　縦型","CRK50-18D","026122000","CK01-No31A"
"zcrm_7345477000025727255","CRKUF-15C-5.4S","CRKUF-15C-5.4S","022070000","CKU23-No31B"
"zcrm_7345477000025727321","CRKUFC-15C-5.4S","CRKUFC-15C-5.4S","022186000","CKU24-No31B"
"zcrm_7345477000025727805","CRKUFCT-07D-5.4","CRKUFCT-07D-5.4","030516000","CKU26-No34B"
"zcrm_7345477000025727841","CRKUFT-07D-5.4","CRKUFT-07D-5.4","030564000","CKU25-No34B"
"zcrm_7345477000025727873","CRKUR-15C-5.25","CRKUR-15C-5.25","030639000","CKU13-No19B"
"zcrm_7345477000025677991","CRKURC-15C-5.25S","CRKURC-15C-5.25S","021429000","CKU14-No07C"
"zcrm_7345477000025727170","CRKURCT-22C-5.25S","CRKURCT-22C-5.25S","021787000","CKU16-No10C"
"zcrm_7345477000025728045","CRKURT-22C-5.25","CRKURT-22C-5.25","031209000","CKU15-No21B"
"zcrm_7345477000025677727","CRKUSR-15B-5.25S","CRKUSR-15B-5.25S","020908000","CKU11-No07C"
"zcrm_7345477000025677815","CRKUSRC-15B-5.25S","CRKUSRC-15B-5.25S","021029000","CKU12-No07C"
"zcrm_7345477000010940138","FRPタンク（槽のみ）　縦型","CRK50-18E","026123000","CK01-No39A"
"zcrm_7345477000025727256","CRKUF-17C-5.4S","CRKUF-17C-5.4S","022071000","CKU23-No32B"
"zcrm_7345477000025727322","CRKUFC-17C-5.4S","CRKUFC-17C-5.4S","022189000","CKU24-No32B"
"zcrm_7345477000025727806","CRKUFCT-10D-5.4","CRKUFCT-10D-5.4","030517000","CKU26-No35B"
"zcrm_7345477000025727842","CRKUFT-10D-5.4","CRKUFT-10D-5.4","030565000","CKU25-No35B"
"zcrm_7345477000025727874","CRKUR-17C-5.25","CRKUR-17C-5.25","030640000","CKU13-No20B"
"zcrm_7345477000025677992","CRKURC-17C-5.25S","CRKURC-17C-5.25S","021430000","CKU14-No08C"
"zcrm_7345477000025727171","CRKURCT-26C-5.25S","CRKURCT-26C-5.25S","021795000","CKU16-No11C"
"zcrm_7345477000025728046","CRKURT-26C-5.25","CRKURT-26C-5.25","031210000","CKU15-No22B"
"zcrm_7345477000025677728","CRKUSR-17B-5.25S","CRKUSR-17B-5.25S","020909000","CKU11-No08C"
"zcrm_7345477000025677816","CRKUSRC-17B-5.25S","CRKUSRC-17B-5.25S","021030000","CKU12-No08C"
"zcrm_7345477000010940112","FRPタンク（槽のみ）　縦型","CRK50-22B","026128000","CK01-No11A"
"zcrm_7345477000025727257","CRKUF-18C-5.4S","CRKUF-18C-5.4S","022072000","CKU23-No33B"
"zcrm_7345477000025727323","CRKUFC-18C-5.4S","CRKUFC-18C-5.4S","022190000","CKU24-No33B"
"zcrm_7345477000025727807","CRKUFCT-12D-5.4","CRKUFCT-12D-5.4","030518000","CKU26-No36B"
"zcrm_7345477000025727843","CRKUFT-12D-5.4","CRKUFT-12D-5.4","030566000","CKU25-No36B"
"zcrm_7345477000025727875","CRKUR-18C-5.25","CRKUR-18C-5.25","030646000","CKU13-No21B"
"zcrm_7345477000025677993","CRKURC-18C-5.25S","CRKURC-18C-5.25S","021431000","CKU14-No09C"
"zcrm_7345477000025727987","CRKURCT-04C-5.25","CRKURCT-04C-5.25","031144000","CKU16-No12B"
"zcrm_7345477000025727085","CRKURT-04C-5.4S","CRKURT-04C-5.4S","021615000","CKU25-No01C"
"zcrm_7345477000025677729","CRKUSR-18B-5.25S","CRKUSR-18B-5.25S","020910000","CKU11-No09C"
"zcrm_7345477000025677817","CRKUSRC-18B-5.25S","CRKUSRC-18B-5.25S","021031000","CKU12-No09C"
"zcrm_7345477000010940123","FRPタンク（槽のみ）　縦型","CRK50-22C","026129000","CK01-No23A"
"zcrm_7345477000025727258","CRKUF-22C-5.4S","CRKUF-22C-5.4S","022074000","CKU23-No35B"
"zcrm_7345477000025727324","CRKUFC-22C-5.4S","CRKUFC-22C-5.4S","022192000","CKU24-No35B"
"zcrm_7345477000025727808","CRKUFCT-15D-5.4","CRKUFCT-15D-5.4","030519000","CKU26-No37B"
"zcrm_7345477000025727844","CRKUFT-15D-5.4","CRKUFT-15D-5.4","030567000","CKU25-No37B"
"zcrm_7345477000025727876","CRKUR-22C-5.25","CRKUR-22C-5.25","030648000","CKU13-No23B"
"zcrm_7345477000025677994","CRKURC-22C-5.25S","CRKURC-22C-5.25S","021444000","CKU14-No11C"
"zcrm_7345477000025727988","CRKURCT-06C-5.25","CRKURCT-06C-5.25","031145000","CKU16-No13B"
"zcrm_7345477000025727086","CRKURT-06C-5.4S","CRKURT-06C-5.4S","021616000","CKU25-No02C"
"zcrm_7345477000025677730","CRKUSR-22B-5.25S","CRKUSR-22B-5.25S","020912000","CKU11-No11C"
"zcrm_7345477000025677818","CRKUSRC-22B-5.25S","CRKUSRC-22B-5.25S","021033000","CKU12-No11C"
"zcrm_7345477000010940132","FRPタンク（槽のみ）　縦型","CRK50-22D","026130000","CK01-No33A"
"zcrm_7345477000025727259","CRKUF-26C-5.4S","CRKUF-26C-5.4S","022078000","CKU23-No36B"
"zcrm_7345477000025727325","CRKUFC-26C-5.4S","CRKUFC-26C-5.4S","022195000","CKU24-No36B"
"zcrm_7345477000025727809","CRKUFCT-17D-5.4","CRKUFCT-17D-5.4","030520000","CKU26-No38B"
"zcrm_7345477000025727845","CRKUFT-17D-5.4","CRKUFT-17D-5.4","030568000","CKU25-No38B"
"zcrm_7345477000025727877","CRKUR-26C-5.25","CRKUR-26C-5.25","030649000","CKU13-No24B"
"zcrm_7345477000025677995","CRKURC-26C-5.25S","CRKURC-26C-5.25S","021446000","CKU14-No12C"
"zcrm_7345477000025727989","CRKURCT-07C-5.25","CRKURCT-07C-5.25","031146000","CKU16-No14B"
"zcrm_7345477000025727087","CRKURT-07C-5.4S","CRKURT-07C-5.4S","021617000","CKU25-No03C"
"zcrm_7345477000025677731","CRKUSR-26B-5.25S","CRKUSR-26B-5.25S","020913000","CKU11-No12C"
"zcrm_7345477000025677819","CRKUSRC-26B-5.25S","CRKUSRC-26B-5.25S","021034000","CKU12-No12C"
"zcrm_7345477000010940139","FRPタンク（槽のみ）　縦型","CRK50-22E","026131000","CK01-No41A"
"zcrm_7345477000025727718","CRKUF-02C-5.4","CRKUF-02C-5.4","030074000","CKU23-No37B"
"zcrm_7345477000025727762","CRKUFC-02C-5.4","CRKUFC-02C-5.4","030370000","CKU24-No37B"
"zcrm_7345477000025727810","CRKUFCT-18D-5.4","CRKUFCT-18D-5.4","030521000","CKU26-No39B"
"zcrm_7345477000025727846","CRKUFT-18D-5.4","CRKUFT-18D-5.4","030569000","CKU25-No39B"
"zcrm_7345477000025677908","CRKUR-02C-5.4S","CRKUR-02C-5.4S","021298000","CKU23-No01C"
"zcrm_7345477000025727922","CRKURC-02C-5.25","CRKURC-02C-5.25","030902000","CKU14-No13B"
"zcrm_7345477000025727990","CRKURCT-10C-5.25","CRKURCT-10C-5.25","031147000","CKU16-No15B"
"zcrm_7345477000025727088","CRKURT-10C-5.4S","CRKURT-10C-5.4S","021618000","CKU25-No04C"
"zcrm_7345477000025728088","CRKUSR-02B-5.25","CRKUSR-02B-5.25","031256000","CKU11-No13B"
"zcrm_7345477000025728154","CRKUSRC-02B-5.25","CRKUSRC-02B-5.25","031338000","CKU12-No13B"
"zcrm_7345477000010940113","FRPタンク（槽のみ）　縦型","CRK50-26B","026132000","CK01-No12A"
"zcrm_7345477000025727719","CRKUF-04C-5.4","CRKUF-04C-5.4","030083000","CKU23-No38B"
"zcrm_7345477000025727763","CRKUFC-04C-5.4","CRKUFC-04C-5.4","030371000","CKU24-No38B"
"zcrm_7345477000025727811","CRKUFCT-22D-5.4","CRKUFCT-22D-5.4","030523000","CKU26-No41B"
"zcrm_7345477000025727847","CRKUFT-22D-5.4","CRKUFT-22D-5.4","030571000","CKU25-No41B"
"zcrm_7345477000025677909","CRKUR-04C-5.4S","CRKUR-04C-5.4S","021300000","CKU23-No02C"
"zcrm_7345477000025727923","CRKURC-04C-5.25","CRKURC-04C-5.25","030903000","CKU14-No14B"
"zcrm_7345477000025727991","CRKURCT-12C-5.25","CRKURCT-12C-5.25","031148000","CKU16-No16B"
"zcrm_7345477000025727089","CRKURT-12C-5.4S","CRKURT-12C-5.4S","021619000","CKU25-No05C"
"zcrm_7345477000025728089","CRKUSR-04B-5.25","CRKUSR-04B-5.25","031257000","CKU11-No14B"
"zcrm_7345477000025728155","CRKUSRC-04B-5.25","CRKUSRC-04B-5.25","031339000","CKU12-No14B"
"zcrm_7345477000010940124","FRPタンク（槽のみ）　縦型","CRK50-26C","026133000","CK01-No24A"
"zcrm_7345477000025727720","CRKUF-06C-5.4","CRKUF-06C-5.4","030111000","CKU23-No39B"
"zcrm_7345477000025727764","CRKUFC-06C-5.4","CRKUFC-06C-5.4","030372000","CKU24-No39B"
"zcrm_7345477000025727812","CRKUFCT-26D-5.4","CRKUFCT-26D-5.4","030524000","CKU26-No42B"
"zcrm_7345477000025727848","CRKUFT-26D-5.4","CRKUFT-26D-5.4","030572000","CKU25-No42B"
"zcrm_7345477000025677910","CRKUR-06C-5.4S","CRKUR-06C-5.4S","021301000","CKU23-No03C"
"zcrm_7345477000025727924","CRKURC-06C-5.25","CRKURC-06C-5.25","030907000","CKU14-No15B"
"zcrm_7345477000025727992","CRKURCT-15C-5.25","CRKURCT-15C-5.25","031149000","CKU16-No17B"
"zcrm_7345477000025727090","CRKURT-15C-5.4S","CRKURT-15C-5.4S","021620000","CKU25-No06C"
"zcrm_7345477000025728090","CRKUSR-06B-5.25","CRKUSR-06B-5.25","031258000","CKU11-No15B"
"zcrm_7345477000025728156","CRKUSRC-06B-5.25","CRKUSRC-06B-5.25","031340000","CKU12-No15B"
"zcrm_7345477000010940133","FRPタンク（槽のみ）　縦型","CRK50-26D","026134000","CK01-No34A"
"zcrm_7345477000025727721","CRKUF-07C-5.4","CRKUF-07C-5.4","030115000","CKU23-No40B"
"zcrm_7345477000025727765","CRKUFC-07C-5.4","CRKUFC-07C-5.4","030373000","CKU24-No40B"
"zcrm_7345477000025727442","CRKUFCT-06D-5.75","CRKUFCT-06D-5.75","022373000","CKU36-No23B"
"zcrm_7345477000025727388","CRKUFT-06D-5.75","CRKUFT-06D-5.75","022287000","CKU35-No23B"
"zcrm_7345477000025677911","CRKUR-07C-5.4S","CRKUR-07C-5.4S","021302000","CKU23-No04C"
"zcrm_7345477000025727925","CRKURC-07C-5.25","CRKURC-07C-5.25","030924000","CKU14-No16B"
"zcrm_7345477000025727993","CRKURCT-17C-5.25","CRKURCT-17C-5.25","031150000","CKU16-No18B"
"zcrm_7345477000025727091","CRKURT-17C-5.4S","CRKURT-17C-5.4S","021621000","CKU25-No07C"
"zcrm_7345477000025728091","CRKUSR-07B-5.25","CRKUSR-07B-5.25","031259000","CKU11-No16B"
"zcrm_7345477000025728157","CRKUSRC-07B-5.25","CRKUSRC-07B-5.25","031341000","CKU12-No16B"
"zcrm_7345477000010940140","FRPタンク（槽のみ）　縦型","CRK50-26E","026135000","CK01-No42A"
"zcrm_7345477000025727722","CRKUF-10C-5.4","CRKUF-10C-5.4","030116000","CKU23-No41B"
"zcrm_7345477000025727766","CRKUFC-10C-5.4","CRKUFC-10C-5.4","030374000","CKU24-No41B"
"zcrm_7345477000025727443","CRKUFCT-07D-5.75","CRKUFCT-07D-5.75","022375000","CKU36-No24B"
"zcrm_7345477000025727389","CRKUFT-07D-5.75","CRKUFT-07D-5.75","022288000","CKU35-No24B"
"zcrm_7345477000025677912","CRKUR-10C-5.4S","CRKUR-10C-5.4S","021305000","CKU23-No05C"
"zcrm_7345477000025727926","CRKURC-10C-5.25","CRKURC-10C-5.25","030926000","CKU14-No17B"
"zcrm_7345477000025727994","CRKURCT-18C-5.25","CRKURCT-18C-5.25","031151000","CKU16-No19B"
"zcrm_7345477000025727092","CRKURT-18C-5.4S","CRKURT-18C-5.4S","021622000","CKU25-No08C"
"zcrm_7345477000025728092","CRKUSR-10B-5.25","CRKUSR-10B-5.25","031260000","CKU11-No17B"
"zcrm_7345477000025728158","CRKUSRC-10B-5.25","CRKUSRC-10B-5.25","031342000","CKU12-No17B"
"zcrm_7345477000010940141","FRPタンク（槽のみ）　横型","CRY50-10C","027081000","CY01-No011A"
"zcrm_7345477000025727723","CRKUF-12C-5.4","CRKUF-12C-5.4","030117000","CKU23-No42B"
"zcrm_7345477000025727767","CRKUFC-12C-5.4","CRKUFC-12C-5.4","030375000","CKU24-No42B"
"zcrm_7345477000025727444","CRKUFCT-10D-5.75","CRKUFCT-10D-5.75","022378000","CKU36-No25B"
"zcrm_7345477000025727390","CRKUFT-10D-5.75","CRKUFT-10D-5.75","022289000","CKU35-No25B"
"zcrm_7345477000025677913","CRKUR-12C-5.4S","CRKUR-12C-5.4S","021306000","CKU23-No06C"
"zcrm_7345477000025727927","CRKURC-12C-5.25","CRKURC-12C-5.25","030951000","CKU14-No18B"
"zcrm_7345477000025727995","CRKURCT-22C-5.25","CRKURCT-22C-5.25","031153000","CKU16-No21B"
"zcrm_7345477000025727093","CRKURT-22C-5.4S","CRKURT-22C-5.4S","021624000","CKU25-No10C"
"zcrm_7345477000025728093","CRKUSR-12B-5.25","CRKUSR-12B-5.25","031261000","CKU11-No18B"
"zcrm_7345477000025728159","CRKUSRC-12B-5.25","CRKUSRC-12B-5.25","031343000","CKU12-No18B"
"zcrm_7345477000010940142","FRPタンク（槽のみ）　横型","CRY50-13C","027082000","CY01-No02A"
"zcrm_7345477000025727724","CRKUF-15C-5.4","CRKUF-15C-5.4","030129000","CKU23-No43B"
"zcrm_7345477000025727768","CRKUFC-15C-5.4","CRKUFC-15C-5.4","030376000","CKU24-No43B"
"zcrm_7345477000025727445","CRKUFCT-12D-5.75","CRKUFCT-12D-5.75","022380000","CKU36-No26B"
"zcrm_7345477000025727391","CRKUFT-12D-5.75","CRKUFT-12D-5.75","022290000","CKU35-No26B"
"zcrm_7345477000025677914","CRKUR-15C-5.4S","CRKUR-15C-5.4S","021307000","CKU23-No07C"
"zcrm_7345477000025727928","CRKURC-15C-5.25","CRKURC-15C-5.25","030952000","CKU14-No19B"
"zcrm_7345477000025727996","CRKURCT-26C-5.25","CRKURCT-26C-5.25","031154000","CKU16-No22B"
"zcrm_7345477000025727094","CRKURT-26C-5.4S","CRKURT-26C-5.4S","021625000","CKU25-No11C"
"zcrm_7345477000025728094","CRKUSR-15B-5.25","CRKUSR-15B-5.25","031262000","CKU11-No19B"
"zcrm_7345477000025728160","CRKUSRC-15B-5.25","CRKUSRC-15B-5.25","031344000","CKU12-No19B"
"zcrm_7345477000010940143","FRPタンク（槽のみ）　横型","CRY50-16C","027083000","CY01-No03A"
"zcrm_7345477000025727725","CRKUF-17C-5.4","CRKUF-17C-5.4","030130000","CKU23-No44B"
"zcrm_7345477000025727769","CRKUFC-17C-5.4","CRKUFC-17C-5.4","030377000","CKU24-No44B"
"zcrm_7345477000025727446","CRKUFCT-15D-5.75","CRKUFCT-15D-5.75","022385000","CKU36-No27B"
"zcrm_7345477000025727392","CRKUFT-15D-5.75","CRKUFT-15D-5.75","022291000","CKU35-No27B"
"zcrm_7345477000025677915","CRKUR-17C-5.4S","CRKUR-17C-5.4S","021309000","CKU23-No08C"
"zcrm_7345477000025727929","CRKURC-17C-5.25","CRKURC-17C-5.25","030953000","CKU14-No20B"
"zcrm_7345477000025727173","CRKURCT-04C-5.4S","CRKURCT-04C-5.4S","021799000","CKU26-No01C"
"zcrm_7345477000025728047","CRKURT-04C-5.4","CRKURT-04C-5.4","031211000","CKU25-No12B"
"zcrm_7345477000025728095","CRKUSR-17B-5.25","CRKUSR-17B-5.25","031263000","CKU11-No20B"
"zcrm_7345477000025728161","CRKUSRC-17B-5.25","CRKUSRC-17B-5.25","031345000","CKU12-No20B"
"zcrm_7345477000010940144","FRPタンク（槽のみ）　横型","CRY50-20C","027084000","CY01-No04A"
"zcrm_7345477000025727726","CRKUF-18C-5.4","CRKUF-18C-5.4","030131000","CKU23-No45B"
"zcrm_7345477000025727770","CRKUFC-18C-5.4","CRKUFC-18C-5.4","030378000","CKU24-No45B"
"zcrm_7345477000025727447","CRKUFCT-17D-5.75","CRKUFCT-17D-5.75","022390000","CKU36-No28B"
"zcrm_7345477000025727393","CRKUFT-17D-5.75","CRKUFT-17D-5.75","022292000","CKU35-No28B"
"zcrm_7345477000025677916","CRKUR-18C-5.4S","CRKUR-18C-5.4S","021310000","CKU23-No09C"
"zcrm_7345477000025727930","CRKURC-18C-5.25","CRKURC-18C-5.25","030954000","CKU14-No21B"
"zcrm_7345477000025727174","CRKURCT-06C-5.4S","CRKURCT-06C-5.4S","021800000","CKU26-No02C"
"zcrm_7345477000025728048","CRKURT-06C-5.4","CRKURT-06C-5.4","031212000","CKU25-No13B"
"zcrm_7345477000025728096","CRKUSR-18B-5.25","CRKUSR-18B-5.25","031264000","CKU11-No21B"
"zcrm_7345477000025728162","CRKUSRC-18B-5.25","CRKUSRC-18B-5.25","031346000","CKU12-No21B"
"zcrm_7345477000010940145","FRPタンク（槽のみ）　横型","CRY50-24C","027085000","CY01-No05A"
"zcrm_7345477000025727727","CRKUF-22C-5.4","CRKUF-22C-5.4","030133000","CKU23-No47B"
"zcrm_7345477000025727771","CRKUFC-22C-5.4","CRKUFC-22C-5.4","030380000","CKU24-No47B"
"zcrm_7345477000025727448","CRKUFCT-18D-5.75","CRKUFCT-18D-5.75","022396000","CKU36-No29B"
"zcrm_7345477000025727394","CRKUFT-18D-5.75","CRKUFT-18D-5.75","022293000","CKU35-No29B"
"zcrm_7345477000025677917","CRKUR-22C-5.4S","CRKUR-22C-5.4S","021313000","CKU23-No11C"
"zcrm_7345477000025727931","CRKURC-22C-5.25","CRKURC-22C-5.25","030956000","CKU14-No23B"
"zcrm_7345477000025727175","CRKURCT-07C-5.4S","CRKURCT-07C-5.4S","021801000","CKU26-No03C"
"zcrm_7345477000025728049","CRKURT-07C-5.4","CRKURT-07C-5.4","031213000","CKU25-No14B"
"zcrm_7345477000025728097","CRKUSR-22B-5.25","CRKUSR-22B-5.25","031266000","CKU11-No23B"
"zcrm_7345477000025728163","CRKUSRC-22B-5.25","CRKUSRC-22B-5.25","031348000","CKU12-No23B"
"zcrm_7345477000010940146","FRPタンク（槽のみ）　横型","CRY50-26C","027086000","CY01-No06A"
"zcrm_7345477000025727728","CRKUF-26C-5.4","CRKUF-26C-5.4","030143000","CKU23-No48B"
"zcrm_7345477000025727772","CRKUFC-26C-5.4","CRKUFC-26C-5.4","030381000","CKU24-No48B"
"zcrm_7345477000025727449","CRKUFCT-22D-5.75","CRKUFCT-22D-5.75","022398000","CKU36-No31B"
"zcrm_7345477000025727395","CRKUFT-22D-5.75","CRKUFT-22D-5.75","022295000","CKU35-No31B"
"zcrm_7345477000025677918","CRKUR-26C-5.4S","CRKUR-26C-5.4S","021314000","CKU23-No12C"
"zcrm_7345477000025727932","CRKURC-26C-5.25","CRKURC-26C-5.25","030957000","CKU14-No24B"
"zcrm_7345477000025727176","CRKURCT-10C-5.4S","CRKURCT-10C-5.4S","021802000","CKU26-No04C"
"zcrm_7345477000025728050","CRKURT-10C-5.4","CRKURT-10C-5.4","031214000","CKU25-No15B"
"zcrm_7345477000025728098","CRKUSR-26B-5.25","CRKUSR-26B-5.25","031267000","CKU11-No24B"
"zcrm_7345477000025728164","CRKUSRC-26B-5.25","CRKUSRC-26B-5.25","031349000","CKU12-No24B"
"zcrm_7345477000025727260","CRKUF-02C-5.75","CRKUF-02C-5.75","022079000","CKU33-No25B"
"zcrm_7345477000025727326","CRKUFC-02C-5.75","CRKUFC-02C-5.75","022196000","CKU34-No25B"
"zcrm_7345477000025727450","CRKUFCT-26D-5.75","CRKUFCT-26D-5.75","022399000","CKU36-No32B"
"zcrm_7345477000025727396","CRKUFT-26D-5.75","CRKUFT-26D-5.75","022296000","CKU35-No32B"
"zcrm_7345477000025727878","CRKUR-02C-5.4","CRKUR-02C-5.4","030650000","CKU23-No13B"
"zcrm_7345477000025677996","CRKURC-02C-5.4S","CRKURC-02C-5.4S","021447000","CKU24-No01C"
"zcrm_7345477000025727177","CRKURCT-12C-5.4S","CRKURCT-12C-5.4S","021804000","CKU26-No05C"
"zcrm_7345477000025728051","CRKURT-12C-5.4","CRKURT-12C-5.4","031215000","CKU25-No16B"
"zcrm_7345477000025677732","CRKUSR-02B-5.4S","CRKUSR-02B-5.4S","020914000","CKU21-No01C"
"zcrm_7345477000025677820","CRKUSRC-02B-5.4S","CRKUSRC-02B-5.4S","021035000","CKU22-No01C"
"zcrm_7345477000025727261","CRKUF-04C-5.75","CRKUF-04C-5.75","022080000","CKU33-No26B"
"zcrm_7345477000025727327","CRKUFC-04C-5.75","CRKUFC-04C-5.75","022197000","CKU34-No26B"
"zcrm_7345477000025727879","CRKUR-04C-5.4","CRKUR-04C-5.4","030651000","CKU23-No14B"
"zcrm_7345477000025677997","CRKURC-04C-5.4S","CRKURC-04C-5.4S","021448000","CKU24-No02C"
"zcrm_7345477000025727178","CRKURCT-15C-5.4S","CRKURCT-15C-5.4S","021812000","CKU26-No06C"
"zcrm_7345477000025728052","CRKURT-15C-5.4","CRKURT-15C-5.4","031216000","CKU25-No17B"
"zcrm_7345477000025677733","CRKUSR-04B-5.4S","CRKUSR-04B-5.4S","020919000","CKU21-No02C"
"zcrm_7345477000025677821","CRKUSRC-04B-5.4S","CRKUSRC-04B-5.4S","021036000","CKU22-No02C"
"zcrm_7345477000025727262","CRKUF-06C-5.75","CRKUF-06C-5.75","022081000","CKU33-No27B"
"zcrm_7345477000025727328","CRKUFC-06C-5.75","CRKUFC-06C-5.75","022199000","CKU34-No27B"
"zcrm_7345477000025727880","CRKUR-06C-5.4","CRKUR-06C-5.4","030652000","CKU23-No15B"
"zcrm_7345477000025677998","CRKURC-06C-5.4S","CRKURC-06C-5.4S","021449000","CKU24-No03C"
"zcrm_7345477000025727179","CRKURCT-17C-5.4S","CRKURCT-17C-5.4S","021813000","CKU26-No07C"
"zcrm_7345477000025728053","CRKURT-17C-5.4","CRKURT-17C-5.4","031217000","CKU25-No18B"
"zcrm_7345477000025677734","CRKUSR-06B-5.4S","CRKUSR-06B-5.4S","020920000","CKU21-No03C"
"zcrm_7345477000025677822","CRKUSRC-06B-5.4S","CRKUSRC-06B-5.4S","021037000","CKU22-No03C"
"zcrm_7345477000025727263","CRKUF-07C-5.75","CRKUF-07C-5.75","022082000","CKU33-No28B"
"zcrm_7345477000025727329","CRKUFC-07C-5.75","CRKUFC-07C-5.75","022200000","CKU34-No28B"
"zcrm_7345477000025727881","CRKUR-07C-5.4","CRKUR-07C-5.4","030654000","CKU23-No16B"
"zcrm_7345477000025677999","CRKURC-07C-5.4S","CRKURC-07C-5.4S","021450000","CKU24-No04C"
"zcrm_7345477000025727180","CRKURCT-18C-5.4S","CRKURCT-18C-5.4S","021816000","CKU26-No08C"
"zcrm_7345477000025728054","CRKURT-18C-5.4","CRKURT-18C-5.4","031218000","CKU25-No19B"
"zcrm_7345477000025677735","CRKUSR-07B-5.4S","CRKUSR-07B-5.4S","020921000","CKU21-No04C"
"zcrm_7345477000025677823","CRKUSRC-07B-5.4S","CRKUSRC-07B-5.4S","021038000","CKU22-No04C"
"zcrm_7345477000025727264","CRKUF-10C-5.75","CRKUF-10C-5.75","022083000","CKU33-No29B"
"zcrm_7345477000025727330","CRKUFC-10C-5.75","CRKUFC-10C-5.75","022201000","CKU34-No29B"
"zcrm_7345477000025727882","CRKUR-10C-5.4","CRKUR-10C-5.4","030655000","CKU23-No17B"
"zcrm_7345477000025678000","CRKURC-10C-5.4S","CRKURC-10C-5.4S","021451000","CKU24-No05C"
"zcrm_7345477000025727181","CRKURCT-22C-5.4S","CRKURCT-22C-5.4S","021818000","CKU26-No10C"
"zcrm_7345477000025728055","CRKURT-22C-5.4","CRKURT-22C-5.4","031220000","CKU25-No21B"
"zcrm_7345477000025677736","CRKUSR-10B-5.4S","CRKUSR-10B-5.4S","020922000","CKU21-No05C"
"zcrm_7345477000025677824","CRKUSRC-10B-5.4S","CRKUSRC-10B-5.4S","021039000","CKU22-No05C"
"zcrm_7345477000025727265","CRKUF-12C-5.75","CRKUF-12C-5.75","022084000","CKU33-No30B"
"zcrm_7345477000025727331","CRKUFC-12C-5.75","CRKUFC-12C-5.75","022202000","CKU34-No30B"
"zcrm_7345477000025727883","CRKUR-12C-5.4","CRKUR-12C-5.4","030656000","CKU23-No18B"
"zcrm_7345477000025727001","CRKURC-12C-5.4S","CRKURC-12C-5.4S","021452000","CKU24-No06C"
"zcrm_7345477000025727182","CRKURCT-26C-5.4S","CRKURCT-26C-5.4S","021819000","CKU26-No11C"
"zcrm_7345477000025728056","CRKURT-26C-5.4","CRKURT-26C-5.4","031221000","CKU25-No22B"
"zcrm_7345477000025677737","CRKUSR-12B-5.4S","CRKUSR-12B-5.4S","020923000","CKU21-No06C"
"zcrm_7345477000025677825","CRKUSRC-12B-5.4S","CRKUSRC-12B-5.4S","021044000","CKU22-No06C"
"zcrm_7345477000025727266","CRKUF-15C-5.75","CRKUF-15C-5.75","022085000","CKU33-No31B"
"zcrm_7345477000025727332","CRKUFC-15C-5.75","CRKUFC-15C-5.75","022203000","CKU34-No31B"
"zcrm_7345477000025727884","CRKUR-15C-5.4","CRKUR-15C-5.4","030657000","CKU23-No19B"
"zcrm_7345477000025727002","CRKURC-15C-5.4S","CRKURC-15C-5.4S","021453000","CKU24-No07C"
"zcrm_7345477000025727997","CRKURCT-04C-5.4","CRKURCT-04C-5.4","031155000","CKU26-No12B"
"zcrm_7345477000025727096","CRKURT-04C-5.75","CRKURT-04C-5.75","021627000","CKU35-No01C"
"zcrm_7345477000025677738","CRKUSR-15B-5.4S","CRKUSR-15B-5.4S","020924000","CKU21-No07C"
"zcrm_7345477000025677826","CRKUSRC-15B-5.4S","CRKUSRC-15B-5.4S","021062000","CKU22-No07C"
"zcrm_7345477000025727267","CRKUF-17C-5.75","CRKUF-17C-5.75","022086000","CKU33-No32B"
"zcrm_7345477000025727333","CRKUFC-17C-5.75","CRKUFC-17C-5.75","022204000","CKU34-No32B"
"zcrm_7345477000025727885","CRKUR-17C-5.4","CRKUR-17C-5.4","030658000","CKU23-No20B"
"zcrm_7345477000025727003","CRKURC-17C-5.4S","CRKURC-17C-5.4S","021454000","CKU24-No08C"
"zcrm_7345477000025727998","CRKURCT-06C-5.4","CRKURCT-06C-5.4","031156000","CKU26-No13B"
"zcrm_7345477000025727097","CRKURT-06C-5.75","CRKURT-06C-5.75","021628000","CKU35-No02C"
"zcrm_7345477000025677739","CRKUSR-17B-5.4S","CRKUSR-17B-5.4S","020925000","CKU21-No08C"
"zcrm_7345477000025677827","CRKUSRC-17B-5.4S","CRKUSRC-17B-5.4S","021063000","CKU22-No08C"
"zcrm_7345477000025727268","CRKUF-18C-5.75","CRKUF-18C-5.75","022087000","CKU33-No33B"
"zcrm_7345477000025727334","CRKUFC-18C-5.75","CRKUFC-18C-5.75","022205000","CKU34-No33B"
"zcrm_7345477000025727886","CRKUR-18C-5.4","CRKUR-18C-5.4","030659000","CKU23-No21B"
"zcrm_7345477000025727004","CRKURC-18C-5.4S","CRKURC-18C-5.4S","021455000","CKU24-No09C"
"zcrm_7345477000025727999","CRKURCT-07C-5.4","CRKURCT-07C-5.4","031157000","CKU26-No14B"
"zcrm_7345477000025727098","CRKURT-07C-5.75","CRKURT-07C-5.75","021629000","CKU35-No03C"
"zcrm_7345477000025677740","CRKUSR-18B-5.4S","CRKUSR-18B-5.4S","020927000","CKU21-No09C"
"zcrm_7345477000025677828","CRKUSRC-18B-5.4S","CRKUSRC-18B-5.4S","021064000","CKU22-No09C"
"zcrm_7345477000025727269","CRKUF-22C-5.75","CRKUF-22C-5.75","022089000","CKU33-No35B"
"zcrm_7345477000025727335","CRKUFC-22C-5.75","CRKUFC-22C-5.75","022209000","CKU34-No35B"
"zcrm_7345477000025727887","CRKUR-22C-5.4","CRKUR-22C-5.4","030661000","CKU23-No23B"
"zcrm_7345477000025727005","CRKURC-22C-5.4S","CRKURC-22C-5.4S","021457000","CKU24-No11C"
"zcrm_7345477000025728000","CRKURCT-10C-5.4","CRKURCT-10C-5.4","031158000","CKU26-No15B"
"zcrm_7345477000025727099","CRKURT-10C-5.75","CRKURT-10C-5.75","021630000","CKU35-No04C"
"zcrm_7345477000025677741","CRKUSR-22B-5.4S","CRKUSR-22B-5.4S","020929000","CKU21-No11C"
"zcrm_7345477000025677829","CRKUSRC-22B-5.4S","CRKUSRC-22B-5.4S","021066000","CKU22-No11C"
"zcrm_7345477000025727270","CRKUF-26C-5.75","CRKUF-26C-5.75","022090000","CKU33-No36B"
"zcrm_7345477000025727336","CRKUFC-26C-5.75","CRKUFC-26C-5.75","022210000","CKU34-No36B"
"zcrm_7345477000025727888","CRKUR-26C-5.4","CRKUR-26C-5.4","030662000","CKU23-No24B"
"zcrm_7345477000025727006","CRKURC-26C-5.4S","CRKURC-26C-5.4S","021458000","CKU24-No12C"
"zcrm_7345477000025728001","CRKURCT-12C-5.4","CRKURCT-12C-5.4","031159000","CKU26-No16B"
"zcrm_7345477000025727100","CRKURT-12C-5.75","CRKURT-12C-5.75","021631000","CKU35-No05C"
"zcrm_7345477000025677742","CRKUSR-26B-5.4S","CRKUSR-26B-5.4S","020930000","CKU21-No12C"
"zcrm_7345477000025677830","CRKUSRC-26B-5.4S","CRKUSRC-26B-5.4S","021067000","CKU22-No12C"
"zcrm_7345477000025677919","CRKUR-02C-5.75","CRKUR-02C-5.75","021315000","CKU33-No01C"
"zcrm_7345477000025727933","CRKURC-02C-5.4","CRKURC-02C-5.4","030958000","CKU24-No13B"
"zcrm_7345477000025728002","CRKURCT-15C-5.4","CRKURCT-15C-5.4","031160000","CKU26-No17B"
"zcrm_7345477000025727101","CRKURT-15C-5.75","CRKURT-15C-5.75","021632000","CKU35-No06C"
"zcrm_7345477000025728099","CRKUSR-02B-5.4","CRKUSR-02B-5.4","031268000","CKU21-No13B"
"zcrm_7345477000025728165","CRKUSRC-02B-5.4","CRKUSRC-02B-5.4","031350000","CKU22-No13B"
"zcrm_7345477000025677920","CRKUR-04C-5.75","CRKUR-04C-5.75","021317000","CKU33-No02C"
"zcrm_7345477000025727934","CRKURC-04C-5.4","CRKURC-04C-5.4","030959000","CKU24-No14B"
"zcrm_7345477000025728003","CRKURCT-17C-5.4","CRKURCT-17C-5.4","031161000","CKU26-No18B"
"zcrm_7345477000025727102","CRKURT-17C-5.75","CRKURT-17C-5.75","021633000","CKU35-No07C"
"zcrm_7345477000025728100","CRKUSR-04B-5.4","CRKUSR-04B-5.4","031269000","CKU21-No14B"
"zcrm_7345477000025728166","CRKUSRC-04B-5.4","CRKUSRC-04B-5.4","031351000","CKU22-No14B"
"zcrm_7345477000025677921","CRKUR-06C-5.75","CRKUR-06C-5.75","021318000","CKU33-No03C"
"zcrm_7345477000025727935","CRKURC-06C-5.4","CRKURC-06C-5.4","030960000","CKU24-No15B"
"zcrm_7345477000025728004","CRKURCT-18C-5.4","CRKURCT-18C-5.4","031162000","CKU26-No19B"
"zcrm_7345477000025727103","CRKURT-18C-5.75","CRKURT-18C-5.75","021634000","CKU35-No08C"
"zcrm_7345477000025728101","CRKUSR-06B-5.4","CRKUSR-06B-5.4","031270000","CKU21-No15B"
"zcrm_7345477000025728167","CRKUSRC-06B-5.4","CRKUSRC-06B-5.4","031352000","CKU22-No15B"
"zcrm_7345477000025677922","CRKUR-07C-5.75","CRKUR-07C-5.75","021319000","CKU33-No04C"
"zcrm_7345477000025727936","CRKURC-07C-5.4","CRKURC-07C-5.4","030961000","CKU24-No16B"
"zcrm_7345477000025728005","CRKURCT-22C-5.4","CRKURCT-22C-5.4","031164000","CKU26-No21B"
"zcrm_7345477000025727104","CRKURT-22C-5.75","CRKURT-22C-5.75","021643000","CKU35-No10C"
"zcrm_7345477000025728102","CRKUSR-07B-5.4","CRKUSR-07B-5.4","031271000","CKU21-No16B"
"zcrm_7345477000025728168","CRKUSRC-07B-5.4","CRKUSRC-07B-5.4","031353000","CKU22-No16B"
"zcrm_7345477000025677923","CRKUR-10C-5.75","CRKUR-10C-5.75","021320000","CKU33-No05C"
"zcrm_7345477000025727937","CRKURC-10C-5.4","CRKURC-10C-5.4","030963000","CKU24-No17B"
"zcrm_7345477000025728006","CRKURCT-26C-5.4","CRKURCT-26C-5.4","031165000","CKU26-No22B"
"zcrm_7345477000025727105","CRKURT-26C-5.75","CRKURT-26C-5.75","021646000","CKU35-No11C"
"zcrm_7345477000025728103","CRKUSR-10B-5.4","CRKUSR-10B-5.4","031272000","CKU21-No17B"
"zcrm_7345477000025728169","CRKUSRC-10B-5.4","CRKUSRC-10B-5.4","031354000","CKU22-No17B"
"zcrm_7345477000025677924","CRKUR-12C-5.75","CRKUR-12C-5.75","021321000","CKU33-No06C"
"zcrm_7345477000025727938","CRKURC-12C-5.4","CRKURC-12C-5.4","031000000","CKU24-No18B"
"zcrm_7345477000025727184","CRKURCT-04C-5.75","CRKURCT-04C-5.75","021821000","CKU36-No01C"
"zcrm_7345477000025728104","CRKUSR-12B-5.4","CRKUSR-12B-5.4","031273000","CKU21-No18B"
"zcrm_7345477000025728170","CRKUSRC-12B-5.4","CRKUSRC-12B-5.4","031355000","CKU22-No18B"
"zcrm_7345477000025677925","CRKUR-15C-5.75","CRKUR-15C-5.75","021322000","CKU33-No07C"
"zcrm_7345477000025727939","CRKURC-15C-5.4","CRKURC-15C-5.4","031006000","CKU24-No19B"
"zcrm_7345477000025727185","CRKURCT-06C-5.75","CRKURCT-06C-5.75","021822000","CKU36-No02C"
"zcrm_7345477000025728105","CRKUSR-15B-5.4","CRKUSR-15B-5.4","031274000","CKU21-No19B"
"zcrm_7345477000025728171","CRKUSRC-15B-5.4","CRKUSRC-15B-5.4","031356000","CKU22-No19B"
"zcrm_7345477000025677926","CRKUR-17C-5.75","CRKUR-17C-5.75","021323000","CKU33-No08C"
"zcrm_7345477000025727940","CRKURC-17C-5.4","CRKURC-17C-5.4","031026000","CKU24-No20B"
"zcrm_7345477000025727186","CRKURCT-07C-5.75","CRKURCT-07C-5.75","021823000","CKU36-No03C"
"zcrm_7345477000025728106","CRKUSR-17B-5.4","CRKUSR-17B-5.4","031275000","CKU21-No20B"
"zcrm_7345477000025728172","CRKUSRC-17B-5.4","CRKUSRC-17B-5.4","031357000","CKU22-No20B"
"zcrm_7345477000025677927","CRKUR-18C-5.75","CRKUR-18C-5.75","021324000","CKU33-No09C"
"zcrm_7345477000025727941","CRKURC-18C-5.4","CRKURC-18C-5.4","031028000","CKU24-No21B"
"zcrm_7345477000025727187","CRKURCT-10C-5.75","CRKURCT-10C-5.75","021824000","CKU36-No04C"
"zcrm_7345477000025728107","CRKUSR-18B-5.4","CRKUSR-18B-5.4","031276000","CKU21-No21B"
"zcrm_7345477000025728173","CRKUSRC-18B-5.4","CRKUSRC-18B-5.4","031358000","CKU22-No21B"
"zcrm_7345477000025677928","CRKUR-22C-5.75","CRKUR-22C-5.75","021326000","CKU33-No11C"
"zcrm_7345477000025727942","CRKURC-22C-5.4","CRKURC-22C-5.4","031034000","CKU24-No23B"
"zcrm_7345477000025727188","CRKURCT-12C-5.75","CRKURCT-12C-5.75","021825000","CKU36-No05C"
"zcrm_7345477000025728108","CRKUSR-22B-5.4","CRKUSR-22B-5.4","031278000","CKU21-No23B"
"zcrm_7345477000025728174","CRKUSRC-22B-5.4","CRKUSRC-22B-5.4","031360000","CKU22-No23B"
"zcrm_7345477000025677929","CRKUR-26C-5.75","CRKUR-26C-5.75","021327000","CKU33-No12C"
"zcrm_7345477000025727943","CRKURC-26C-5.4","CRKURC-26C-5.4","031068000","CKU24-No24B"
"zcrm_7345477000025727189","CRKURCT-15C-5.75","CRKURCT-15C-5.75","021826000","CKU36-No06C"
"zcrm_7345477000025728109","CRKUSR-26B-5.4","CRKUSR-26B-5.4","031279000","CKU21-No24B"
"zcrm_7345477000025728175","CRKUSRC-26B-5.4","CRKUSRC-26B-5.4","031361000","CKU22-No24B"
"zcrm_7345477000025727007","CRKURC-02C-5.75","CRKURC-02C-5.75","021459000","CKU34-No01C"
"zcrm_7345477000025727190","CRKURCT-17C-5.75","CRKURCT-17C-5.75","021845000","CKU36-No07C"
"zcrm_7345477000025677743","CRKUSR-02B-5.75","CRKUSR-02B-5.75","020931000","CKU31-No01C"
"zcrm_7345477000025677831","CRKUSRC-02B-5.75","CRKUSRC-02B-5.75","021068000","CKU32-No01C"
"zcrm_7345477000025727008","CRKURC-04C-5.75","CRKURC-04C-5.75","021460000","CKU34-No02C"
"zcrm_7345477000025727191","CRKURCT-18C-5.75","CRKURCT-18C-5.75","021847000","CKU36-No08C"
"zcrm_7345477000025677744","CRKUSR-04B-5.75","CRKUSR-04B-5.75","020934000","CKU31-No02C"
"zcrm_7345477000025677832","CRKUSRC-04B-5.75","CRKUSRC-04B-5.75","021069000","CKU32-No02C"
"zcrm_7345477000025727009","CRKURC-06C-5.75","CRKURC-06C-5.75","021462000","CKU34-No03C"
"zcrm_7345477000025727192","CRKURCT-22C-5.75","CRKURCT-22C-5.75","021850000","CKU36-No10C"
"zcrm_7345477000025677745","CRKUSR-06B-5.75","CRKUSR-06B-5.75","020937000","CKU31-No03C"
"zcrm_7345477000025677833","CRKUSRC-06B-5.75","CRKUSRC-06B-5.75","021070000","CKU32-No03C"
"zcrm_7345477000025727010","CRKURC-07C-5.75","CRKURC-07C-5.75","021463000","CKU34-No04C"
"zcrm_7345477000025727193","CRKURCT-26C-5.75","CRKURCT-26C-5.75","021851000","CKU36-No11C"
"zcrm_7345477000025677746","CRKUSR-07B-5.75","CRKUSR-07B-5.75","020939000","CKU31-No04C"
"zcrm_7345477000025677834","CRKUSRC-07B-5.75","CRKUSRC-07B-5.75","021071000","CKU32-No04C"
"zcrm_7345477000025727011","CRKURC-10C-5.75","CRKURC-10C-5.75","021464000","CKU34-No05C"
"zcrm_7345477000025677747","CRKUSR-10B-5.75","CRKUSR-10B-5.75","020940000","CKU31-No05C"
"zcrm_7345477000025677835","CRKUSRC-10B-5.75","CRKUSRC-10B-5.75","021072000","CKU32-No05C"
"zcrm_7345477000025727012","CRKURC-12C-5.75","CRKURC-12C-5.75","021465000","CKU34-No06C"
"zcrm_7345477000025677748","CRKUSR-12B-5.75","CRKUSR-12B-5.75","020941000","CKU31-No06C"
"zcrm_7345477000025677836","CRKUSRC-12B-5.75","CRKUSRC-12B-5.75","021073000","CKU32-No06C"
"zcrm_7345477000025727013","CRKURC-15C-5.75","CRKURC-15C-5.75","021472000","CKU34-No07C"
"zcrm_7345477000025677749","CRKUSR-15B-5.75","CRKUSR-15B-5.75","020942000","CKU31-No07C"
"zcrm_7345477000025677837","CRKUSRC-15B-5.75","CRKUSRC-15B-5.75","021074000","CKU32-No07C"
"zcrm_7345477000025727014","CRKURC-17C-5.75","CRKURC-17C-5.75","021473000","CKU34-No08C"
"zcrm_7345477000025677750","CRKUSR-17B-5.75","CRKUSR-17B-5.75","020943000","CKU31-No08C"
"zcrm_7345477000025677838","CRKUSRC-17B-5.75","CRKUSRC-17B-5.75","021075000","CKU32-No08C"
"zcrm_7345477000025727015","CRKURC-18C-5.75","CRKURC-18C-5.75","021474000","CKU34-No09C"
"zcrm_7345477000025677751","CRKUSR-18B-5.75","CRKUSR-18B-5.75","020944000","CKU31-No09C"
"zcrm_7345477000025677839","CRKUSRC-18B-5.75","CRKUSRC-18B-5.75","021076000","CKU32-No09C"
"zcrm_7345477000025727016","CRKURC-22C-5.75","CRKURC-22C-5.75","021476000","CKU34-No11C"
"zcrm_7345477000025677752","CRKUSR-22B-5.75","CRKUSR-22B-5.75","020946000","CKU31-No11C"
"zcrm_7345477000025677840","CRKUSRC-22B-5.75","CRKUSRC-22B-5.75","021078000","CKU32-No11C"
"zcrm_7345477000025727017","CRKURC-26C-5.75","CRKURC-26C-5.75","021477000","CKU34-No12C"
"zcrm_7345477000025677753","CRKUSR-26B-5.75","CRKUSR-26B-5.75","020947000","CKU31-No12C"
"zcrm_7345477000025677841","CRKUSRC-26B-5.75","CRKUSRC-26B-5.75","021079000","CKU32-No12C"
"zcrm_7345477000025727271","CRKUF-02C-6.25S","CRKUF-02C-6.25S","022094000","CKU13-No25B"
"zcrm_7345477000025727337","CRKUFC-02C-6.25S","CRKUFC-02C-6.25S","022211000","CKU14-No25B"
"zcrm_7345477000025727451","CRKUFCT-06D-6.25S","CRKUFCT-06D-6.25S","022404000","CKU16-No23B"
"zcrm_7345477000025727397","CRKUFT-06D-6.25S","CRKUFT-06D-6.25S","022297000","CKU15-No23B"
"zcrm_7345477000025677930","CRKUR-02C-6.15S","CRKUR-02C-6.15S","021328000","CKU03-No01C"
"zcrm_7345477000025727018","CRKURC-02C-6.15S","CRKURC-02C-6.15S","021478000","CKU04-No01C"
"zcrm_7345477000025727195","CRKURCT-04C-6.15S","CRKURCT-04C-6.15S","021853000","CKU06-No01C"
"zcrm_7345477000025727107","CRKURT-04C-6.15S","CRKURT-04C-6.15S","021662000","CKU05-No01C"
"zcrm_7345477000025677754","CRKUSR-02B-6.15S","CRKUSR-02B-6.15S","020948000","CKU01-No01B"
"zcrm_7345477000025677842","CRKUSRC-02B-6.15S","CRKUSRC-02B-6.15S","021080000","CKU02-No01C"
"zcrm_7345477000025727272","CRKUF-04C-6.25S","CRKUF-04C-6.25S","022096000","CKU13-No26B"
"zcrm_7345477000025727338","CRKUFC-04C-6.25S","CRKUFC-04C-6.25S","022212000","CKU14-No26B"
"zcrm_7345477000025727452","CRKUFCT-07D-6.25S","CRKUFCT-07D-6.25S","022405000","CKU16-No24B"
"zcrm_7345477000025727398","CRKUFT-07D-6.25S","CRKUFT-07D-6.25S","022298000","CKU15-No24B"
"zcrm_7345477000025677931","CRKUR-04C-6.15S","CRKUR-04C-6.15S","021329000","CKU03-No02C"
"zcrm_7345477000025727019","CRKURC-04C-6.15S","CRKURC-04C-6.15S","021479000","CKU04-No02C"
"zcrm_7345477000025727196","CRKURCT-06C-6.15S","CRKURCT-06C-6.15S","021855000","CKU06-No02C"
"zcrm_7345477000025727108","CRKURT-06C-6.15S","CRKURT-06C-6.15S","021664000","CKU05-No02C"
"zcrm_7345477000025677755","CRKUSR-04B-6.15S","CRKUSR-04B-6.15S","020949000","CKU01-No02B"
"zcrm_7345477000025677843","CRKUSRC-04B-6.15S","CRKUSRC-04B-6.15S","021081000","CKU02-No02C"
"zcrm_7345477000025727273","CRKUF-06C-6.25S","CRKUF-06C-6.25S","022097000","CKU13-No27B"
"zcrm_7345477000025727339","CRKUFC-06C-6.25S","CRKUFC-06C-6.25S","022213000","CKU14-No27B"
"zcrm_7345477000025727453","CRKUFCT-10D-6.25S","CRKUFCT-10D-6.25S","022414000","CKU16-No25B"
"zcrm_7345477000025727399","CRKUFT-10D-6.25S","CRKUFT-10D-6.25S","022299000","CKU15-No25B"
"zcrm_7345477000025677932","CRKUR-06C-6.15S","CRKUR-06C-6.15S","021330000","CKU03-No03C"
"zcrm_7345477000025727020","CRKURC-06C-6.15S","CRKURC-06C-6.15S","021480000","CKU04-No03C"
"zcrm_7345477000025727197","CRKURCT-07C-6.15S","CRKURCT-07C-6.15S","021856000","CKU06-No03C"
"zcrm_7345477000025727109","CRKURT-07C-6.15S","CRKURT-07C-6.15S","021668000","CKU05-No03C"
"zcrm_7345477000025677756","CRKUSR-06B-6.15S","CRKUSR-06B-6.15S","020950000","CKU01-No03B"
"zcrm_7345477000025677844","CRKUSRC-06B-6.15S","CRKUSRC-06B-6.15S","021082000","CKU02-No03C"
"zcrm_7345477000025727274","CRKUF-07C-6.25S","CRKUF-07C-6.25S","022098000","CKU13-No28B"
"zcrm_7345477000025727340","CRKUFC-07C-6.25S","CRKUFC-07C-6.25S","022214000","CKU14-No28B"
"zcrm_7345477000025727454","CRKUFCT-12D-6.25S","CRKUFCT-12D-6.25S","022415000","CKU16-No26B"
"zcrm_7345477000025727400","CRKUFT-12D-6.25S","CRKUFT-12D-6.25S","022300000","CKU15-No26B"
"zcrm_7345477000025677933","CRKUR-07C-6.15S","CRKUR-07C-6.15S","021331000","CKU03-No04C"
"zcrm_7345477000025727021","CRKURC-07C-6.15S","CRKURC-07C-6.15S","021481000","CKU04-No04C"
"zcrm_7345477000025727198","CRKURCT-10C-6.15S","CRKURCT-10C-6.15S","021857000","CKU06-No04C"
"zcrm_7345477000025727110","CRKURT-10C-6.15S","CRKURT-10C-6.15S","021669000","CKU05-No04C"
"zcrm_7345477000025677757","CRKUSR-07B-6.15S","CRKUSR-07B-6.15S","020952000","CKU01-No04B"
"zcrm_7345477000025677845","CRKUSRC-07B-6.15S","CRKUSRC-07B-6.15S","021096000","CKU02-No04C"
"zcrm_7345477000025727275","CRKUF-10C-6.25S","CRKUF-10C-6.25S","022099000","CKU13-No29B"
"zcrm_7345477000025727341","CRKUFC-10C-6.25S","CRKUFC-10C-6.25S","022215000","CKU14-No29B"
"zcrm_7345477000025727455","CRKUFCT-15D-6.25S","CRKUFCT-15D-6.25S","022416000","CKU16-No27B"
"zcrm_7345477000025727401","CRKUFT-15D-6.25S","CRKUFT-15D-6.25S","022301000","CKU15-No27B"
"zcrm_7345477000025677934","CRKUR-10C-6.15S","CRKUR-10C-6.15S","021332000","CKU03-No05C"
"zcrm_7345477000025727022","CRKURC-10C-6.15S","CRKURC-10C-6.15S","021482000","CKU04-No05C"
"zcrm_7345477000025727199","CRKURCT-12C-6.15S","CRKURCT-12C-6.15S","021858000","CKU06-No05C"
"zcrm_7345477000025727111","CRKURT-12C-6.15S","CRKURT-12C-6.15S","021670000","CKU05-No05C"
"zcrm_7345477000025677758","CRKUSR-10B-6.15S","CRKUSR-10B-6.15S","020953000","CKU01-No05B"
"zcrm_7345477000025677846","CRKUSRC-10B-6.15S","CRKUSRC-10B-6.15S","021108000","CKU02-No05C"
"zcrm_7345477000025727276","CRKUF-12C-6.25S","CRKUF-12C-6.25S","022100000","CKU13-No30B"
"zcrm_7345477000025727342","CRKUFC-12C-6.25S","CRKUFC-12C-6.25S","022216000","CKU14-No30B"
"zcrm_7345477000025727456","CRKUFCT-17D-6.25S","CRKUFCT-17D-6.25S","022417000","CKU16-No28B"
"zcrm_7345477000025727402","CRKUFT-17D-6.25S","CRKUFT-17D-6.25S","022302000","CKU15-No28B"
"zcrm_7345477000025677935","CRKUR-12C-6.15S","CRKUR-12C-6.15S","021333000","CKU03-No06C"
"zcrm_7345477000025727023","CRKURC-12C-6.15S","CRKURC-12C-6.15S","021483000","CKU04-No06C"
"zcrm_7345477000025727200","CRKURCT-15C-6.15S","CRKURCT-15C-6.15S","021859000","CKU06-No06C"
"zcrm_7345477000025727112","CRKURT-15C-6.15S","CRKURT-15C-6.15S","021671000","CKU05-No06C"
"zcrm_7345477000025677759","CRKUSR-12B-6.15S","CRKUSR-12B-6.15S","020954000","CKU01-No06B"
"zcrm_7345477000025677847","CRKUSRC-12B-6.15S","CRKUSRC-12B-6.15S","021113000","CKU02-No06C"
"zcrm_7345477000025727277","CRKUF-15C-6.25S","CRKUF-15C-6.25S","022101000","CKU13-No31B"
"zcrm_7345477000025727343","CRKUFC-15C-6.25S","CRKUFC-15C-6.25S","022217000","CKU14-No31B"
"zcrm_7345477000025727457","CRKUFCT-18D-6.25S","CRKUFCT-18D-6.25S","022418000","CKU16-No29B"
"zcrm_7345477000025727403","CRKUFT-18D-6.25S","CRKUFT-18D-6.25S","022303000","CKU15-No29B"
"zcrm_7345477000025677936","CRKUR-15C-6.15S","CRKUR-15C-6.15S","021334000","CKU03-No07C"
"zcrm_7345477000025727024","CRKURC-15C-6.15S","CRKURC-15C-6.15S","021484000","CKU04-No07C"
"zcrm_7345477000025727201","CRKURCT-17C-6.15S","CRKURCT-17C-6.15S","021860000","CKU06-No07C"
"zcrm_7345477000025727113","CRKURT-17C-6.15S","CRKURT-17C-6.15S","021672000","CKU05-No07C"
"zcrm_7345477000025677760","CRKUSR-15B-6.15S","CRKUSR-15B-6.15S","020955000","CKU01-No07B"
"zcrm_7345477000025677848","CRKUSRC-15B-6.15S","CRKUSRC-15B-6.15S","021115000","CKU02-No07C"
"zcrm_7345477000025727278","CRKUF-17C-6.25S","CRKUF-17C-6.25S","022102000","CKU13-No32B"
"zcrm_7345477000025727344","CRKUFC-17C-6.25S","CRKUFC-17C-6.25S","022218000","CKU14-No32B"
"zcrm_7345477000025727458","CRKUFCT-22D-6.25S","CRKUFCT-22D-6.25S","022420000","CKU16-No31B"
"zcrm_7345477000025727404","CRKUFT-22D-6.25S","CRKUFT-22D-6.25S","022305000","CKU15-No31B"
"zcrm_7345477000025677937","CRKUR-17C-6.15S","CRKUR-17C-6.15S","021335000","CKU03-No08C"
"zcrm_7345477000025727025","CRKURC-17C-6.15S","CRKURC-17C-6.15S","021485000","CKU04-No08C"
"zcrm_7345477000025727202","CRKURCT-18C-6.15S","CRKURCT-18C-6.15S","021861000","CKU06-No08C"
"zcrm_7345477000025727114","CRKURT-18C-6.15S","CRKURT-18C-6.15S","021680000","CKU05-No08C"
"zcrm_7345477000025677761","CRKUSR-17B-6.15S","CRKUSR-17B-6.15S","020956000","CKU01-No08B"
"zcrm_7345477000025677849","CRKUSRC-17B-6.15S","CRKUSRC-17B-6.15S","021119000","CKU02-No08C"
"zcrm_7345477000025727279","CRKUF-18C-6.25S","CRKUF-18C-6.25S","022103000","CKU13-No33B"
"zcrm_7345477000025727345","CRKUFC-18C-6.25S","CRKUFC-18C-6.25S","022219000","CKU14-No33B"
"zcrm_7345477000025727459","CRKUFCT-26D-6.25S","CRKUFCT-26D-6.25S","022421000","CKU16-No32B"
"zcrm_7345477000025727405","CRKUFT-26D-6.25S","CRKUFT-26D-6.25S","022306000","CKU15-No32B"
"zcrm_7345477000025677938","CRKUR-18C-6.15S","CRKUR-18C-6.15S","021336000","CKU03-No09C"
"zcrm_7345477000025727026","CRKURC-18C-6.15S","CRKURC-18C-6.15S","021486000","CKU04-No09C"
"zcrm_7345477000025727203","CRKURCT-22C-6.15S","CRKURCT-22C-6.15S","021863000","CKU06-No10C"
"zcrm_7345477000025727115","CRKURT-22C-6.15S","CRKURT-22C-6.15S","021692000","CKU05-No10C"
"zcrm_7345477000025677762","CRKUSR-18B-6.15S","CRKUSR-18B-6.15S","020957000","CKU01-No09B"
"zcrm_7345477000025677850","CRKUSRC-18B-6.15S","CRKUSRC-18B-6.15S","021120000","CKU02-No09C"
"zcrm_7345477000025727280","CRKUF-22C-6.25S","CRKUF-22C-6.25S","022120000","CKU13-No35B"
"zcrm_7345477000025727346","CRKUFC-22C-6.25S","CRKUFC-22C-6.25S","022221000","CKU14-No35B"
"zcrm_7345477000025727813","CRKUFCT-06D-6.25","CRKUFCT-06D-6.25","030525000","CKU16-No33B"
"zcrm_7345477000025727849","CRKUFT-06D-6.25","CRKUFT-06D-6.25","030573000","CKU15-No33B"
"zcrm_7345477000025677939","CRKUR-22C-6.15S","CRKUR-22C-6.15S","021340000","CKU03-No11C"
"zcrm_7345477000025727027","CRKURC-22C-6.15S","CRKURC-22C-6.15S","021488000","CKU04-No11C"
"zcrm_7345477000025727204","CRKURCT-26C-6.15S","CRKURCT-26C-6.15S","021864000","CKU06-No11C"
"zcrm_7345477000025727116","CRKURT-26C-6.15S","CRKURT-26C-6.15S","021694000","CKU05-No11C"
"zcrm_7345477000025677763","CRKUSR-22B-6.15S","CRKUSR-22B-6.15S","020959000","CKU01-No11B"
"zcrm_7345477000025677851","CRKUSRC-22B-6.15S","CRKUSRC-22B-6.15S","021125000","CKU02-No11C"
"zcrm_7345477000025727281","CRKUF-26C-6.25S","CRKUF-26C-6.25S","022124000","CKU13-No36B"
"zcrm_7345477000025727347","CRKUFC-26C-6.25S","CRKUFC-26C-6.25S","022222000","CKU14-No36B"
"zcrm_7345477000025727814","CRKUFCT-07D-6.25","CRKUFCT-07D-6.25","030526000","CKU16-No34B"
"zcrm_7345477000025727850","CRKUFT-07D-6.25","CRKUFT-07D-6.25","030574000","CKU15-No34B"
"zcrm_7345477000025677940","CRKUR-26C-6.15S","CRKUR-26C-6.15S","021341000","CKU03-No12C"
"zcrm_7345477000025727028","CRKURC-26C-6.15S","CRKURC-26C-6.15S","021489000","CKU04-No12C"
"zcrm_7345477000025728007","CRKURCT-04C-6.15","CRKURCT-04C-6.15","031166000","CKU06-No12B"
"zcrm_7345477000025727118","CRKURT-04C-6.25S","CRKURT-04C-6.25S","021696000","CKU15-No01C"
"zcrm_7345477000025677764","CRKUSR-26B-6.15S","CRKUSR-26B-6.15S","020960000","CKU01-No12B"
"zcrm_7345477000025677852","CRKUSRC-26B-6.15S","CRKUSRC-26B-6.15S","021126000","CKU02-No12C"
"zcrm_7345477000025727729","CRKUF-02C-6.25","CRKUF-02C-6.25","030149000","CKU13-No37B"
"zcrm_7345477000025727773","CRKUFC-02C-6.25","CRKUFC-02C-6.25","030382000","CKU14-No37B"
"zcrm_7345477000025727815","CRKUFCT-10D-6.25","CRKUFCT-10D-6.25","030527000","CKU16-No35B"
"zcrm_7345477000025727851","CRKUFT-10D-6.25","CRKUFT-10D-6.25","030575000","CKU15-No35B"
"zcrm_7345477000025677941","CRKUR-02C-6.25S","CRKUR-02C-6.25S","021342000","CKU13-No01C"
"zcrm_7345477000025727944","CRKURC-02C-6.15","CRKURC-02C-6.15","031075000","CKU04-No13B"
"zcrm_7345477000025728008","CRKURCT-06C-6.15","CRKURCT-06C-6.15","031167000","CKU06-No13B"
"zcrm_7345477000025727119","CRKURT-06C-6.25S","CRKURT-06C-6.25S","021697000","CKU15-No02C"
"zcrm_7345477000025728110","CRKUSR-02B-6.15","CRKUSR-02B-6.15","031280000","CKU01-No13B"
"zcrm_7345477000025728176","CRKUSRC-02B-6.15","CRKUSRC-02B-6.15","031362000","CKU02-No13B"
"zcrm_7345477000025727730","CRKUF-04C-6.25","CRKUF-04C-6.25","030159000","CKU13-No38B"
"zcrm_7345477000025727774","CRKUFC-04C-6.25","CRKUFC-04C-6.25","030392000","CKU14-No38B"
"zcrm_7345477000025727816","CRKUFCT-12D-6.25","CRKUFCT-12D-6.25","030528000","CKU16-No36B"
"zcrm_7345477000025727852","CRKUFT-12D-6.25","CRKUFT-12D-6.25","030576000","CKU15-No36B"
"zcrm_7345477000025677942","CRKUR-04C-6.25S","CRKUR-04C-6.25S","021343000","CKU13-No02C"
"zcrm_7345477000025727945","CRKURC-04C-6.15","CRKURC-04C-6.15","031077000","CKU04-No14B"
"zcrm_7345477000025728009","CRKURCT-07C-6.15","CRKURCT-07C-6.15","031168000","CKU06-No14B"
"zcrm_7345477000025727120","CRKURT-07C-6.25S","CRKURT-07C-6.25S","021698000","CKU15-No03C"
"zcrm_7345477000025728111","CRKUSR-04B-6.15","CRKUSR-04B-6.15","031281000","CKU01-No14B"
"zcrm_7345477000025728177","CRKUSRC-04B-6.15","CRKUSRC-04B-6.15","031363000","CKU02-No14B"
"zcrm_7345477000025727731","CRKUF-06C-6.25","CRKUF-06C-6.25","030168000","CKU13-No39B"
"zcrm_7345477000025727775","CRKUFC-06C-6.25","CRKUFC-06C-6.25","030394000","CKU14-No39B"
"zcrm_7345477000025727817","CRKUFCT-15D-6.25","CRKUFCT-15D-6.25","030529000","CKU16-No37B"
"zcrm_7345477000025727853","CRKUFT-15D-6.25","CRKUFT-15D-6.25","030577000","CKU15-No37B"
"zcrm_7345477000025677943","CRKUR-06C-6.25S","CRKUR-06C-6.25S","021344000","CKU13-No03C"
"zcrm_7345477000025727946","CRKURC-06C-6.15","CRKURC-06C-6.15","031094000","CKU04-No15B"
"zcrm_7345477000025728010","CRKURCT-10C-6.15","CRKURCT-10C-6.15","031169000","CKU06-No15B"
"zcrm_7345477000025727121","CRKURT-10C-6.25S","CRKURT-10C-6.25S","021699000","CKU15-No04C"
"zcrm_7345477000025728112","CRKUSR-06B-6.15","CRKUSR-06B-6.15","031282000","CKU01-No15B"
"zcrm_7345477000025728178","CRKUSRC-06B-6.15","CRKUSRC-06B-6.15","031364000","CKU02-No15B"
"zcrm_7345477000025727732","CRKUF-07C-6.25","CRKUF-07C-6.25","030169000","CKU13-No40B"
"zcrm_7345477000025727776","CRKUFC-07C-6.25","CRKUFC-07C-6.25","030395000","CKU14-No40B"
"zcrm_7345477000025727818","CRKUFCT-17D-6.25","CRKUFCT-17D-6.25","030530000","CKU16-No38B"
"zcrm_7345477000025727854","CRKUFT-17D-6.25","CRKUFT-17D-6.25","030579000","CKU15-No38B"
"zcrm_7345477000025677944","CRKUR-07C-6.25S","CRKUR-07C-6.25S","021345000","CKU13-No04C"
"zcrm_7345477000025727947","CRKURC-07C-6.15","CRKURC-07C-6.15","031100000","CKU04-No16B"
"zcrm_7345477000025728011","CRKURCT-12C-6.15","CRKURCT-12C-6.15","031170000","CKU06-No16B"
"zcrm_7345477000025727122","CRKURT-12C-6.25S","CRKURT-12C-6.25S","021700000","CKU15-No05C"
"zcrm_7345477000025728113","CRKUSR-07B-6.15","CRKUSR-07B-6.15","031283000","CKU01-No16B"
"zcrm_7345477000025728179","CRKUSRC-07B-6.15","CRKUSRC-07B-6.15","031365000","CKU02-No16B"
"zcrm_7345477000025727733","CRKUF-10C-6.25","CRKUF-10C-6.25","030170000","CKU13-No41B"
"zcrm_7345477000025727777","CRKUFC-10C-6.25","CRKUFC-10C-6.25","030396000","CKU14-No41B"
"zcrm_7345477000025727819","CRKUFCT-18D-6.25","CRKUFCT-18D-6.25","030531000","CKU16-No39B"
"zcrm_7345477000025727855","CRKUFT-18D-6.25","CRKUFT-18D-6.25","030580000","CKU15-No39B"
"zcrm_7345477000025677945","CRKUR-10C-6.25S","CRKUR-10C-6.25S","021346000","CKU13-No05C"
"zcrm_7345477000025727948","CRKURC-10C-6.15","CRKURC-10C-6.15","031101000","CKU04-No17B"
"zcrm_7345477000025728012","CRKURCT-15C-6.15","CRKURCT-15C-6.15","031171000","CKU06-No17B"
"zcrm_7345477000025727123","CRKURT-15C-6.25S","CRKURT-15C-6.25S","021701000","CKU15-No06C"
"zcrm_7345477000025728114","CRKUSR-10B-6.15","CRKUSR-10B-6.15","031284000","CKU01-No17B"
"zcrm_7345477000025728180","CRKUSRC-10B-6.15","CRKUSRC-10B-6.15","031366000","CKU02-No17B"
"zcrm_7345477000025727734","CRKUF-12C-6.25","CRKUF-12C-6.25","030176000","CKU13-No42B"
"zcrm_7345477000025727778","CRKUFC-12C-6.25","CRKUFC-12C-6.25","030397000","CKU14-No42B"
"zcrm_7345477000025727820","CRKUFCT-22D-6.25","CRKUFCT-22D-6.25","030533000","CKU16-No41B"
"zcrm_7345477000025727856","CRKUFT-22D-6.25","CRKUFT-22D-6.25","030582000","CKU15-No41B"
"zcrm_7345477000025677946","CRKUR-12C-6.25S","CRKUR-12C-6.25S","021347000","CKU13-No06C"
"zcrm_7345477000025727949","CRKURC-12C-6.15","CRKURC-12C-6.15","031102000","CKU04-No18B"
"zcrm_7345477000025728013","CRKURCT-17C-6.15","CRKURCT-17C-6.15","031172000","CKU06-No18B"
"zcrm_7345477000025727124","CRKURT-17C-6.25S","CRKURT-17C-6.25S","021702000","CKU15-No07C"
"zcrm_7345477000025728115","CRKUSR-12B-6.15","CRKUSR-12B-6.15","031285000","CKU01-No18B"
"zcrm_7345477000025728181","CRKUSRC-12B-6.15","CRKUSRC-12B-6.15","031367000","CKU02-No18B"
"zcrm_7345477000025727735","CRKUF-15C-6.25","CRKUF-15C-6.25","030177000","CKU13-No43B"
"zcrm_7345477000025727779","CRKUFC-15C-6.25","CRKUFC-15C-6.25","030398000","CKU14-No43B"
"zcrm_7345477000025727821","CRKUFCT-26D-6.25","CRKUFCT-26D-6.25","030534000","CKU16-No42B"
"zcrm_7345477000025727857","CRKUFT-26D-6.25","CRKUFT-26D-6.25","030584000","CKU15-No42B"
"zcrm_7345477000025677947","CRKUR-15C-6.25S","CRKUR-15C-6.25S","021348000","CKU13-No07C"
"zcrm_7345477000025727950","CRKURC-15C-6.15","CRKURC-15C-6.15","031103000","CKU04-No19B"
"zcrm_7345477000025728014","CRKURCT-18C-6.15","CRKURCT-18C-6.15","031173000","CKU06-No19B"
"zcrm_7345477000025727125","CRKURT-18C-6.25S","CRKURT-18C-6.25S","021703000","CKU15-No08C"
"zcrm_7345477000025728116","CRKUSR-15B-6.15","CRKUSR-15B-6.15","031286000","CKU01-No19B"
"zcrm_7345477000025728182","CRKUSRC-15B-6.15","CRKUSRC-15B-6.15","031368000","CKU02-No19B"
"zcrm_7345477000025727736","CRKUF-17C-6.25","CRKUF-17C-6.25","030178000","CKU13-No44B"
"zcrm_7345477000025727780","CRKUFC-17C-6.25","CRKUFC-17C-6.25","030399000","CKU14-No44B"
"zcrm_7345477000025727460","CRKUFCT-06D-6.4S","CRKUFCT-06D-6.4S","022422000","CKU26-No23B"
"zcrm_7345477000025727406","CRKUFT-06D-6.4S","CRKUFT-06D-6.4S","022307000","CKU25-No23B"
"zcrm_7345477000025677948","CRKUR-17C-6.25S","CRKUR-17C-6.25S","021352000","CKU13-No08C"
"zcrm_7345477000025727951","CRKURC-17C-6.15","CRKURC-17C-6.15","031104000","CKU04-No20B"
"zcrm_7345477000025728015","CRKURCT-22C-6.15","CRKURCT-22C-6.15","031175000","CKU06-No21B"
"zcrm_7345477000025727126","CRKURT-22C-6.25S","CRKURT-22C-6.25S","021705000","CKU15-No10C"
"zcrm_7345477000025728117","CRKUSR-17B-6.15","CRKUSR-17B-6.15","031287000","CKU01-No20B"
"zcrm_7345477000025728183","CRKUSRC-17B-6.15","CRKUSRC-17B-6.15","031369000","CKU02-No20B"
"zcrm_7345477000025727737","CRKUF-18C-6.25","CRKUF-18C-6.25","030220000","CKU13-No45B"
"zcrm_7345477000025727781","CRKUFC-18C-6.25","CRKUFC-18C-6.25","030400000","CKU14-No45B"
"zcrm_7345477000025727461","CRKUFCT-07D-6.4S","CRKUFCT-07D-6.4S","022423000","CKU26-No24B"
"zcrm_7345477000025727407","CRKUFT-07D-6.4S","CRKUFT-07D-6.4S","022308000","CKU25-No24B"
"zcrm_7345477000025677949","CRKUR-18C-6.25S","CRKUR-18C-6.25S","021355000","CKU13-No09C"
"zcrm_7345477000025727952","CRKURC-18C-6.15","CRKURC-18C-6.15","031105000","CKU04-No21B"
"zcrm_7345477000025728016","CRKURCT-26C-6.15","CRKURCT-26C-6.15","031176000","CKU06-No22B"
"zcrm_7345477000025727127","CRKURT-26C-6.25S","CRKURT-26C-6.25S","021706000","CKU15-No11C"
"zcrm_7345477000025728118","CRKUSR-18B-6.15","CRKUSR-18B-6.15","031288000","CKU01-No21B"
"zcrm_7345477000025728184","CRKUSRC-18B-6.15","CRKUSRC-18B-6.15","031370000","CKU02-No21B"
"zcrm_7345477000025727738","CRKUF-22C-6.25","CRKUF-22C-6.25","030237000","CKU13-No47B"
"zcrm_7345477000025727782","CRKUFC-22C-6.25","CRKUFC-22C-6.25","030402000","CKU14-No47B"
"zcrm_7345477000025727462","CRKUFCT-10D-6.4S","CRKUFCT-10D-6.4S","022424000","CKU26-No25B"
"zcrm_7345477000025727408","CRKUFT-10D-6.4S","CRKUFT-10D-6.4S","022309000","CKU25-No25B"
"zcrm_7345477000025677950","CRKUR-22C-6.25S","CRKUR-22C-6.25S","021360000","CKU13-No11C"
"zcrm_7345477000025727953","CRKURC-22C-6.15","CRKURC-22C-6.15","031107000","CKU04-No23B"
"zcrm_7345477000025727206","CRKURCT-04C-6.25S","CRKURCT-04C-6.25S","021870000","CKU16-No01C"
"zcrm_7345477000025728057","CRKURT-04C-6.25","CRKURT-04C-6.25","031222000","CKU15-No12B"
"zcrm_7345477000025728119","CRKUSR-22B-6.15","CRKUSR-22B-6.15","031290000","CKU01-No23B"
"zcrm_7345477000025728185","CRKUSRC-22B-6.15","CRKUSRC-22B-6.15","031372000","CKU02-No23B"
"zcrm_7345477000025727739","CRKUF-26C-6.25","CRKUF-26C-6.25","030251000","CKU13-No48B"
"zcrm_7345477000025727783","CRKUFC-26C-6.25","CRKUFC-26C-6.25","030403000","CKU14-No48B"
"zcrm_7345477000025727463","CRKUFCT-12D-6.4S","CRKUFCT-12D-6.4S","022425000","CKU26-No26B"
"zcrm_7345477000025727409","CRKUFT-12D-6.4S","CRKUFT-12D-6.4S","022310000","CKU25-No26B"
"zcrm_7345477000025677951","CRKUR-26C-6.25S","CRKUR-26C-6.25S","021361000","CKU13-No12C"
"zcrm_7345477000025727954","CRKURC-26C-6.15","CRKURC-26C-6.15","031108000","CKU04-No24B"
"zcrm_7345477000025727207","CRKURCT-06C-6.25S","CRKURCT-06C-6.25S","021874000","CKU16-No02C"
"zcrm_7345477000025728058","CRKURT-06C-6.25","CRKURT-06C-6.25","031223000","CKU15-No13B"
"zcrm_7345477000025728120","CRKUSR-26B-6.15","CRKUSR-26B-6.15","031291000","CKU01-No24B"
"zcrm_7345477000025728186","CRKUSRC-26B-6.15","CRKUSRC-26B-6.15","031373000","CKU02-No24B"
"zcrm_7345477000025727282","CRKUF-02C-6.4S","CRKUF-02C-6.4S","022125000","CKU23-No25B"
"zcrm_7345477000025727348","CRKUFC-02C-6.4S","CRKUFC-02C-6.4S","022223000","CKU24-No25B"
"zcrm_7345477000025727464","CRKUFCT-15D-6.4S","CRKUFCT-15D-6.4S","022426000","CKU26-No27B"
"zcrm_7345477000025727410","CRKUFT-15D-6.4S","CRKUFT-15D-6.4S","022311000","CKU25-No27B"
"zcrm_7345477000025727900","CRKUR-02C-6.25","CRKUR-02C-6.25","030761000","CKU13-No13B"
"zcrm_7345477000025727029","CRKURC-02C-6.25S","CRKURC-02C-6.25S","021490000","CKU14-No01C"
"zcrm_7345477000025727208","CRKURCT-07C-6.25S","CRKURCT-07C-6.25S","021875000","CKU16-No03C"
"zcrm_7345477000025728059","CRKURT-07C-6.25","CRKURT-07C-6.25","031224000","CKU15-No14B"
"zcrm_7345477000025677765","CRKUSR-02B-6.25S","CRKUSR-02B-6.25S","020961000","CKU11-No01C"
"zcrm_7345477000025677853","CRKUSRC-02B-6.25S","CRKUSRC-02B-6.25S","021139000","CKU12-No01C"
"zcrm_7345477000025727283","CRKUF-04C-6.4S","CRKUF-04C-6.4S","022126000","CKU23-No26B"
"zcrm_7345477000025727349","CRKUFC-04C-6.4S","CRKUFC-04C-6.4S","022224000","CKU24-No26B"
"zcrm_7345477000025727465","CRKUFCT-17D-6.4S","CRKUFCT-17D-6.4S","022427000","CKU26-No28B"
"zcrm_7345477000025727411","CRKUFT-17D-6.4S","CRKUFT-17D-6.4S","022314000","CKU25-No28B"
"zcrm_7345477000025727901","CRKUR-04C-6.25","CRKUR-04C-6.25","030762000","CKU13-No14B"
"zcrm_7345477000025727030","CRKURC-04C-6.25S","CRKURC-04C-6.25S","021491000","CKU14-No02C"
"zcrm_7345477000025727209","CRKURCT-10C-6.25S","CRKURCT-10C-6.25S","021876000","CKU16-No04C"
"zcrm_7345477000025728060","CRKURT-10C-6.25","CRKURT-10C-6.25","031225000","CKU15-No15B"
"zcrm_7345477000025677766","CRKUSR-04B-6.25S","CRKUSR-04B-6.25S","020962000","CKU11-No02C"
"zcrm_7345477000025677854","CRKUSRC-04B-6.25S","CRKUSRC-04B-6.25S","021141000","CKU12-No02C"
"zcrm_7345477000025727284","CRKUF-06C-6.4S","CRKUF-06C-6.4S","022127000","CKU23-No27B"
"zcrm_7345477000025727350","CRKUFC-06C-6.4S","CRKUFC-06C-6.4S","022225000","CKU24-No27B"
"zcrm_7345477000025727466","CRKUFCT-18D-6.4S","CRKUFCT-18D-6.4S","022428000","CKU26-No29B"
"zcrm_7345477000025727412","CRKUFT-18D-6.4S","CRKUFT-18D-6.4S","022315000","CKU25-No29B"
"zcrm_7345477000025727902","CRKUR-06C-6.25","CRKUR-06C-6.25","030763000","CKU13-No15B"
"zcrm_7345477000025727031","CRKURC-06C-6.25S","CRKURC-06C-6.25S","021492000","CKU14-No03C"
"zcrm_7345477000025727210","CRKURCT-12C-6.25S","CRKURCT-12C-6.25S","021877000","CKU16-No05C"
"zcrm_7345477000025728061","CRKURT-12C-6.25","CRKURT-12C-6.25","031226000","CKU15-No16B"
"zcrm_7345477000025677767","CRKUSR-06B-6.25S","CRKUSR-06B-6.25S","020963000","CKU11-No03C"
"zcrm_7345477000025677855","CRKUSRC-06B-6.25S","CRKUSRC-06B-6.25S","021142000","CKU12-No03C"
"zcrm_7345477000025727285","CRKUF-07C-6.4S","CRKUF-07C-6.4S","022128000","CKU23-No28B"
"zcrm_7345477000025727351","CRKUFC-07C-6.4S","CRKUFC-07C-6.4S","022226000","CKU24-No28B"
"zcrm_7345477000025727467","CRKUFCT-22D-6.4S","CRKUFCT-22D-6.4S","022436000","CKU26-No31B"
"zcrm_7345477000025727413","CRKUFT-22D-6.4S","CRKUFT-22D-6.4S","022322000","CKU25-No31B"
"zcrm_7345477000025727903","CRKUR-07C-6.25","CRKUR-07C-6.25","030764000","CKU13-No16B"
"zcrm_7345477000025727032","CRKURC-07C-6.25S","CRKURC-07C-6.25S","021493000","CKU14-No04C"
"zcrm_7345477000025727211","CRKURCT-15C-6.25S","CRKURCT-15C-6.25S","021884000","CKU16-No06C"
"zcrm_7345477000025728062","CRKURT-15C-6.25","CRKURT-15C-6.25","031227000","CKU15-No17B"
"zcrm_7345477000025677768","CRKUSR-07B-6.25S","CRKUSR-07B-6.25S","020964000","CKU11-No04C"
"zcrm_7345477000025677856","CRKUSRC-07B-6.25S","CRKUSRC-07B-6.25S","021143000","CKU12-No04C"
"zcrm_7345477000025727286","CRKUF-10C-6.4S","CRKUF-10C-6.4S","022129000","CKU23-No29B"
"zcrm_7345477000025727352","CRKUFC-10C-6.4S","CRKUFC-10C-6.4S","022227000","CKU24-No29B"
"zcrm_7345477000025727468","CRKUFCT-26D-6.4S","CRKUFCT-26D-6.4S","022438000","CKU26-No32B"
"zcrm_7345477000025727414","CRKUFT-26D-6.4S","CRKUFT-26D-6.4S","022323000","CKU25-No32B"
"zcrm_7345477000025727904","CRKUR-10C-6.25","CRKUR-10C-6.25","030765000","CKU13-No17B"
"zcrm_7345477000025727033","CRKURC-10C-6.25S","CRKURC-10C-6.25S","021494000","CKU14-No05C"
"zcrm_7345477000025727212","CRKURCT-17C-6.25S","CRKURCT-17C-6.25S","021885000","CKU16-No07C"
"zcrm_7345477000025728063","CRKURT-17C-6.25","CRKURT-17C-6.25","031228000","CKU15-No18B"
"zcrm_7345477000025677769","CRKUSR-10B-6.25S","CRKUSR-10B-6.25S","020965000","CKU11-No05C"
"zcrm_7345477000025677857","CRKUSRC-10B-6.25S","CRKUSRC-10B-6.25S","021150000","CKU12-No05C"
"zcrm_7345477000025727287","CRKUF-12C-6.4S","CRKUF-12C-6.4S","022130000","CKU23-No30B"
"zcrm_7345477000025727353","CRKUFC-12C-6.4S","CRKUFC-12C-6.4S","022228000","CKU24-No30B"
"zcrm_7345477000025727822","CRKUFCT-06D-6.4","CRKUFCT-06D-6.4","030535000","CKU26-No33B"
"zcrm_7345477000025727858","CRKUFT-06D-6.4","CRKUFT-06D-6.4","030585000","CKU25-No33B"
"zcrm_7345477000025727905","CRKUR-12C-6.25","CRKUR-12C-6.25","030766000","CKU13-No18B"
"zcrm_7345477000025727034","CRKURC-12C-6.25S","CRKURC-12C-6.25S","021496000","CKU14-No06C"
"zcrm_7345477000025727213","CRKURCT-18C-6.25S","CRKURCT-18C-6.25S","021886000","CKU16-No08C"
"zcrm_7345477000025728064","CRKURT-18C-6.25","CRKURT-18C-6.25","031229000","CKU15-No19B"
"zcrm_7345477000025677770","CRKUSR-12B-6.25S","CRKUSR-12B-6.25S","020966000","CKU11-No06C"
"zcrm_7345477000025677858","CRKUSRC-12B-6.25S","CRKUSRC-12B-6.25S","021151000","CKU12-No06C"
"zcrm_7345477000025727288","CRKUF-15C-6.4S","CRKUF-15C-6.4S","022131000","CKU23-No31B"
"zcrm_7345477000025727354","CRKUFC-15C-6.4S","CRKUFC-15C-6.4S","022229000","CKU24-No31B"
"zcrm_7345477000025727823","CRKUFCT-07D-6.4","CRKUFCT-07D-6.4","030536000","CKU26-No34B"
"zcrm_7345477000025727859","CRKUFT-07D-6.4","CRKUFT-07D-6.4","030586000","CKU25-No34B"
"zcrm_7345477000025727906","CRKUR-15C-6.25","CRKUR-15C-6.25","030767000","CKU13-No19B"
"zcrm_7345477000025727035","CRKURC-15C-6.25S","CRKURC-15C-6.25S","021497000","CKU14-No07C"
"zcrm_7345477000025727214","CRKURCT-22C-6.25S","CRKURCT-22C-6.25S","021888000","CKU16-No10C"
"zcrm_7345477000025728065","CRKURT-22C-6.25","CRKURT-22C-6.25","031231000","CKU15-No21B"
"zcrm_7345477000025677771","CRKUSR-15B-6.25S","CRKUSR-15B-6.25S","020967000","CKU11-No07C"
"zcrm_7345477000025677859","CRKUSRC-15B-6.25S","CRKUSRC-15B-6.25S","021152000","CKU12-No07C"
"zcrm_7345477000025727289","CRKUF-17C-6.4S","CRKUF-17C-6.4S","022132000","CKU23-No32B"
"zcrm_7345477000025727355","CRKUFC-17C-6.4S","CRKUFC-17C-6.4S","022230000","CKU24-No32B"
"zcrm_7345477000025727824","CRKUFCT-10D-6.4","CRKUFCT-10D-6.4","030537000","CKU26-No35B"
"zcrm_7345477000025727860","CRKUFT-10D-6.4","CRKUFT-10D-6.4","030587000","CKU25-No35B"
"zcrm_7345477000025727907","CRKUR-17C-6.25","CRKUR-17C-6.25","030768000","CKU13-No20B"
"zcrm_7345477000025727036","CRKURC-17C-6.25S","CRKURC-17C-6.25S","021498000","CKU14-No08C"
"zcrm_7345477000025727215","CRKURCT-26C-6.25S","CRKURCT-26C-6.25S","021889000","CKU16-No11C"
"zcrm_7345477000025728066","CRKURT-26C-6.25","CRKURT-26C-6.25","031232000","CKU15-No22B"
"zcrm_7345477000025677772","CRKUSR-17B-6.25S","CRKUSR-17B-6.25S","020968000","CKU11-No08C"
"zcrm_7345477000025677860","CRKUSRC-17B-6.25S","CRKUSRC-17B-6.25S","021153000","CKU12-No08C"
"zcrm_7345477000025727290","CRKUF-18C-6.4S","CRKUF-18C-6.4S","022133000","CKU23-No33B"
"zcrm_7345477000025727356","CRKUFC-18C-6.4S","CRKUFC-18C-6.4S","022231000","CKU24-No33B"
"zcrm_7345477000025727825","CRKUFCT-12D-6.4","CRKUFCT-12D-6.4","030538000","CKU26-No36B"
"zcrm_7345477000025727861","CRKUFT-12D-6.4","CRKUFT-12D-6.4","030588000","CKU25-No36B"
"zcrm_7345477000025727908","CRKUR-18C-6.25","CRKUR-18C-6.25","030769000","CKU13-No21B"
"zcrm_7345477000025727037","CRKURC-18C-6.25S","CRKURC-18C-6.25S","021499000","CKU14-No09C"
"zcrm_7345477000025728017","CRKURCT-04C-6.25","CRKURCT-04C-6.25","031177000","CKU16-No12B"
"zcrm_7345477000025727129","CRKURT-04C-6.4S","CRKURT-04C-6.4S","021708000","CKU25-No01C"
"zcrm_7345477000025677773","CRKUSR-18B-6.25S","CRKUSR-18B-6.25S","020969000","CKU11-No09C"
"zcrm_7345477000025677861","CRKUSRC-18B-6.25S","CRKUSRC-18B-6.25S","021154000","CKU12-No09C"
"zcrm_7345477000025727291","CRKUF-22C-6.4S","CRKUF-22C-6.4S","022135000","CKU23-No35B"
"zcrm_7345477000025727357","CRKUFC-22C-6.4S","CRKUFC-22C-6.4S","022233000","CKU24-No35B"
"zcrm_7345477000025727826","CRKUFCT-15D-6.4","CRKUFCT-15D-6.4","030539000","CKU26-No37B"
"zcrm_7345477000025727862","CRKUFT-15D-6.4","CRKUFT-15D-6.4","030589000","CKU25-No37B"
"zcrm_7345477000025727909","CRKUR-22C-6.25","CRKUR-22C-6.25","030771000","CKU13-No23B"
"zcrm_7345477000025727038","CRKURC-22C-6.25S","CRKURC-22C-6.25S","021501000","CKU14-No11C"
"zcrm_7345477000025728018","CRKURCT-06C-6.25","CRKURCT-06C-6.25","031178000","CKU16-No13B"
"zcrm_7345477000025727130","CRKURT-06C-6.4S","CRKURT-06C-6.4S","021709000","CKU25-No02C"
"zcrm_7345477000025677774","CRKUSR-22B-6.25S","CRKUSR-22B-6.25S","020971000","CKU11-No11C"
"zcrm_7345477000025677862","CRKUSRC-22B-6.25S","CRKUSRC-22B-6.25S","021156000","CKU12-No11C"
"zcrm_7345477000025727292","CRKUF-26C-6.4S","CRKUF-26C-6.4S","022136000","CKU23-No36B"
"zcrm_7345477000025727358","CRKUFC-26C-6.4S","CRKUFC-26C-6.4S","022234000","CKU24-No36B"
"zcrm_7345477000025727827","CRKUFCT-17D-6.4","CRKUFCT-17D-6.4","030540000","CKU26-No38B"
"zcrm_7345477000025727863","CRKUFT-17D-6.4","CRKUFT-17D-6.4","030596000","CKU25-No38B"
"zcrm_7345477000025727910","CRKUR-26C-6.25","CRKUR-26C-6.25","030776000","CKU13-No24B"
"zcrm_7345477000025727039","CRKURC-26C-6.25S","CRKURC-26C-6.25S","021502000","CKU14-No12C"
"zcrm_7345477000025728019","CRKURCT-07C-6.25","CRKURCT-07C-6.25","031179000","CKU16-No14B"
"zcrm_7345477000025727131","CRKURT-07C-6.4S","CRKURT-07C-6.4S","021710000","CKU25-No03C"
"zcrm_7345477000025677775","CRKUSR-26B-6.25S","CRKUSR-26B-6.25S","020972000","CKU11-No12C"
"zcrm_7345477000025677863","CRKUSRC-26B-6.25S","CRKUSRC-26B-6.25S","021157000","CKU12-No12C"
"zcrm_7345477000025727740","CRKUF-02C-6.4","CRKUF-02C-6.4","030256000","CKU23-No37B"
"zcrm_7345477000025727784","CRKUFC-02C-6.4","CRKUFC-02C-6.4","030430000","CKU24-No37B"
"zcrm_7345477000025727828","CRKUFCT-18D-6.4","CRKUFCT-18D-6.4","030541000","CKU26-No39B"
"zcrm_7345477000025727864","CRKUFT-18D-6.4","CRKUFT-18D-6.4","030597000","CKU25-No39B"
"zcrm_7345477000025677952","CRKUR-02C-6.4S","CRKUR-02C-6.4S","021362000","CKU23-No01C"
"zcrm_7345477000025727955","CRKURC-02C-6.25","CRKURC-02C-6.25","031109000","CKU14-No13B"
"zcrm_7345477000025728020","CRKURCT-10C-6.25","CRKURCT-10C-6.25","031180000","CKU16-No15B"
"zcrm_7345477000025727132","CRKURT-10C-6.4S","CRKURT-10C-6.4S","021711000","CKU25-No04C"
"zcrm_7345477000025728121","CRKUSR-02B-6.25","CRKUSR-02B-6.25","031292000","CKU11-No13B"
"zcrm_7345477000025728187","CRKUSRC-02B-6.25","CRKUSRC-02B-6.25","031374000","CKU12-No13B"
"zcrm_7345477000025727741","CRKUF-04C-6.4","CRKUF-04C-6.4","030257000","CKU23-No38B"
"zcrm_7345477000025727785","CRKUFC-04C-6.4","CRKUFC-04C-6.4","030431000","CKU24-No38B"
"zcrm_7345477000025727829","CRKUFCT-22D-6.4","CRKUFCT-22D-6.4","030543000","CKU26-No41B"
"zcrm_7345477000025727865","CRKUFT-22D-6.4","CRKUFT-22D-6.4","030599000","CKU25-No41B"
"zcrm_7345477000025677953","CRKUR-04C-6.4S","CRKUR-04C-6.4S","021363000","CKU23-No02C"
"zcrm_7345477000025727956","CRKURC-04C-6.25","CRKURC-04C-6.25","031110000","CKU14-No14B"
"zcrm_7345477000025728021","CRKURCT-12C-6.25","CRKURCT-12C-6.25","031181000","CKU16-No16B"
"zcrm_7345477000025727133","CRKURT-12C-6.4S","CRKURT-12C-6.4S","021712000","CKU25-No05C"
"zcrm_7345477000025728122","CRKUSR-04B-6.25","CRKUSR-04B-6.25","031293000","CKU11-No14B"
"zcrm_7345477000025728188","CRKUSRC-04B-6.25","CRKUSRC-04B-6.25","031375000","CKU12-No14B"
"zcrm_7345477000025727742","CRKUF-06C-6.4","CRKUF-06C-6.4","030259000","CKU23-No39B"
"zcrm_7345477000025727786","CRKUFC-06C-6.4","CRKUFC-06C-6.4","030436000","CKU24-No39B"
"zcrm_7345477000025727830","CRKUFCT-26D-6.4","CRKUFCT-26D-6.4","030544000","CKU26-No42B"
"zcrm_7345477000025727866","CRKUFT-26D-6.4","CRKUFT-26D-6.4","030600000","CKU25-No42B"
"zcrm_7345477000025677954","CRKUR-06C-6.4S","CRKUR-06C-6.4S","021364000","CKU23-No03C"
"zcrm_7345477000025727957","CRKURC-06C-6.25","CRKURC-06C-6.25","031111000","CKU14-No15B"
"zcrm_7345477000025728022","CRKURCT-15C-6.25","CRKURCT-15C-6.25","031182000","CKU16-No17B"
"zcrm_7345477000025727134","CRKURT-15C-6.4S","CRKURT-15C-6.4S","021713000","CKU25-No06C"
"zcrm_7345477000025728123","CRKUSR-06B-6.25","CRKUSR-06B-6.25","031294000","CKU11-No15B"
"zcrm_7345477000025728189","CRKUSRC-06B-6.25","CRKUSRC-06B-6.25","031376000","CKU12-No15B"
"zcrm_7345477000025727743","CRKUF-07C-6.4","CRKUF-07C-6.4","030260000","CKU23-No40B"
"zcrm_7345477000025727787","CRKUFC-07C-6.4","CRKUFC-07C-6.4","030440000","CKU24-No40B"
"zcrm_7345477000025727469","CRKUFCT-06D-6.75","CRKUFCT-06D-6.75","022441000","CKU36-No23B"
"zcrm_7345477000025727415","CRKUFT-06D-6.75","CRKUFT-06D-6.75","022325000","CKU35-No23B"
"zcrm_7345477000025677955","CRKUR-07C-6.4S","CRKUR-07C-6.4S","021365000","CKU23-No04C"
"zcrm_7345477000025727958","CRKURC-07C-6.25","CRKURC-07C-6.25","031112000","CKU14-No16B"
"zcrm_7345477000025728023","CRKURCT-17C-6.25","CRKURCT-17C-6.25","031183000","CKU16-No18B"
"zcrm_7345477000025727135","CRKURT-17C-6.4S","CRKURT-17C-6.4S","021714000","CKU25-No07C"
"zcrm_7345477000025728124","CRKUSR-07B-6.25","CRKUSR-07B-6.25","031295000","CKU11-No16B"
"zcrm_7345477000025728190","CRKUSRC-07B-6.25","CRKUSRC-07B-6.25","031377000","CKU12-No16B"
"zcrm_7345477000025727744","CRKUF-10C-6.4","CRKUF-10C-6.4","030261000","CKU23-No41B"
"zcrm_7345477000025727788","CRKUFC-10C-6.4","CRKUFC-10C-6.4","030442000","CKU24-No41B"
"zcrm_7345477000025727470","CRKUFCT-07D-6.75","CRKUFCT-07D-6.75","022444000","CKU36-No24B"
"zcrm_7345477000025727416","CRKUFT-07D-6.75","CRKUFT-07D-6.75","022326000","CKU35-No24B"
"zcrm_7345477000025677956","CRKUR-10C-6.4S","CRKUR-10C-6.4S","021366000","CKU23-No05C"
"zcrm_7345477000025727959","CRKURC-10C-6.25","CRKURC-10C-6.25","031113000","CKU14-No17B"
"zcrm_7345477000025728024","CRKURCT-18C-6.25","CRKURCT-18C-6.25","031184000","CKU16-No19B"
"zcrm_7345477000025727136","CRKURT-18C-6.4S","CRKURT-18C-6.4S","021715000","CKU25-No08C"
"zcrm_7345477000025728125","CRKUSR-10B-6.25","CRKUSR-10B-6.25","031296000","CKU11-No17B"
"zcrm_7345477000025728191","CRKUSRC-10B-6.25","CRKUSRC-10B-6.25","031378000","CKU12-No17B"
"zcrm_7345477000025727745","CRKUF-12C-6.4","CRKUF-12C-6.4","030262000","CKU23-No42B"
"zcrm_7345477000025727789","CRKUFC-12C-6.4","CRKUFC-12C-6.4","030443000","CKU24-No42B"
"zcrm_7345477000025727471","CRKUFCT-10D-6.75","CRKUFCT-10D-6.75","022445000","CKU36-No25B"
"zcrm_7345477000025727417","CRKUFT-10D-6.75","CRKUFT-10D-6.75","022334000","CKU35-No25B"
"zcrm_7345477000025677957","CRKUR-12C-6.4S","CRKUR-12C-6.4S","021367000","CKU23-No06C"
"zcrm_7345477000025727960","CRKURC-12C-6.25","CRKURC-12C-6.25","031114000","CKU14-No18B"
"zcrm_7345477000025728025","CRKURCT-22C-6.25","CRKURCT-22C-6.25","031186000","CKU16-No21B"
"zcrm_7345477000025727137","CRKURT-22C-6.4S","CRKURT-22C-6.4S","021717000","CKU25-No10C"
"zcrm_7345477000025728126","CRKUSR-12B-6.25","CRKUSR-12B-6.25","031297000","CKU11-No18B"
"zcrm_7345477000025728192","CRKUSRC-12B-6.25","CRKUSRC-12B-6.25","031379000","CKU12-No18B"
"zcrm_7345477000025727746","CRKUF-15C-6.4","CRKUF-15C-6.4","030263000","CKU23-No43B"
"zcrm_7345477000025727790","CRKUFC-15C-6.4","CRKUFC-15C-6.4","030447000","CKU24-No43B"
"zcrm_7345477000025727472","CRKUFCT-12D-6.75","CRKUFCT-12D-6.75","022448000","CKU36-No26B"
"zcrm_7345477000025727418","CRKUFT-12D-6.75","CRKUFT-12D-6.75","022335000","CKU35-No26B"
"zcrm_7345477000025677958","CRKUR-15C-6.4S","CRKUR-15C-6.4S","021368000","CKU23-No07C"
"zcrm_7345477000025727961","CRKURC-15C-6.25","CRKURC-15C-6.25","031115000","CKU14-No19B"
"zcrm_7345477000025728026","CRKURCT-26C-6.25","CRKURCT-26C-6.25","031187000","CKU16-No22B"
"zcrm_7345477000025727138","CRKURT-26C-6.4S","CRKURT-26C-6.4S","021718000","CKU25-No11C"
"zcrm_7345477000025728127","CRKUSR-15B-6.25","CRKUSR-15B-6.25","031298000","CKU11-No19B"
"zcrm_7345477000025728193","CRKUSRC-15B-6.25","CRKUSRC-15B-6.25","031380000","CKU12-No19B"
"zcrm_7345477000025727747","CRKUF-17C-6.4","CRKUF-17C-6.4","030264000","CKU23-No44B"
"zcrm_7345477000025727791","CRKUFC-17C-6.4","CRKUFC-17C-6.4","030449000","CKU24-No44B"
"zcrm_7345477000025727473","CRKUFCT-15D-6.75","CRKUFCT-15D-6.75","022460000","CKU36-No27B"
"zcrm_7345477000025727419","CRKUFT-15D-6.75","CRKUFT-15D-6.75","022340000","CKU35-No27B"
"zcrm_7345477000025677959","CRKUR-17C-6.4S","CRKUR-17C-6.4S","021369000","CKU23-No08C"
"zcrm_7345477000025727962","CRKURC-17C-6.25","CRKURC-17C-6.25","031116000","CKU14-No20B"
"zcrm_7345477000025727217","CRKURCT-04C-6.4S","CRKURCT-04C-6.4S","021910000","CKU26-No01C"
"zcrm_7345477000025728067","CRKURT-04C-6.4","CRKURT-04C-6.4","031233000","CKU25-No12B"
"zcrm_7345477000025728128","CRKUSR-17B-6.25","CRKUSR-17B-6.25","031299000","CKU11-No20B"
"zcrm_7345477000025728194","CRKUSRC-17B-6.25","CRKUSRC-17B-6.25","031381000","CKU12-No20B"
"zcrm_7345477000025727748","CRKUF-18C-6.4","CRKUF-18C-6.4","030266000","CKU23-No45B"
"zcrm_7345477000025727792","CRKUFC-18C-6.4","CRKUFC-18C-6.4","030450000","CKU24-No45B"
"zcrm_7345477000025727474","CRKUFCT-17D-6.75","CRKUFCT-17D-6.75","022462000","CKU36-No28B"
"zcrm_7345477000025727420","CRKUFT-17D-6.75","CRKUFT-17D-6.75","022341000","CKU35-No28B"
"zcrm_7345477000025677960","CRKUR-18C-6.4S","CRKUR-18C-6.4S","021370000","CKU23-No09C"
"zcrm_7345477000025727963","CRKURC-18C-6.25","CRKURC-18C-6.25","031117000","CKU14-No21B"
"zcrm_7345477000025727218","CRKURCT-06C-6.4S","CRKURCT-06C-6.4S","021914000","CKU26-No02C"
"zcrm_7345477000025728068","CRKURT-06C-6.4","CRKURT-06C-6.4","031234000","CKU25-No13B"
"zcrm_7345477000025728129","CRKUSR-18B-6.25","CRKUSR-18B-6.25","031300000","CKU11-No21B"
"zcrm_7345477000025728195","CRKUSRC-18B-6.25","CRKUSRC-18B-6.25","031382000","CKU12-No21B"
"zcrm_7345477000025727749","CRKUF-22C-6.4","CRKUF-22C-6.4","030292000","CKU23-No47B"
"zcrm_7345477000025727793","CRKUFC-22C-6.4","CRKUFC-22C-6.4","030470000","CKU24-No47B"
"zcrm_7345477000025727475","CRKUFCT-18D-6.75","CRKUFCT-18D-6.75","022465000","CKU36-No29B"
"zcrm_7345477000025727421","CRKUFT-18D-6.75","CRKUFT-18D-6.75","022342000","CKU35-No29B"
"zcrm_7345477000025677961","CRKUR-22C-6.4S","CRKUR-22C-6.4S","021372000","CKU23-No11C"
"zcrm_7345477000025727964","CRKURC-22C-6.25","CRKURC-22C-6.25","031119000","CKU14-No23B"
"zcrm_7345477000025727219","CRKURCT-07C-6.4S","CRKURCT-07C-6.4S","021915000","CKU26-No03C"
"zcrm_7345477000025728069","CRKURT-07C-6.4","CRKURT-07C-6.4","031235000","CKU25-No14B"
"zcrm_7345477000025728130","CRKUSR-22B-6.25","CRKUSR-22B-6.25","031302000","CKU11-No23B"
"zcrm_7345477000025728196","CRKUSRC-22B-6.25","CRKUSRC-22B-6.25","031384000","CKU12-No23B"
"zcrm_7345477000025727750","CRKUF-26C-6.4","CRKUF-26C-6.4","030293000","CKU23-No48B"
"zcrm_7345477000025727794","CRKUFC-26C-6.4","CRKUFC-26C-6.4","030471000","CKU24-No48B"
"zcrm_7345477000025727476","CRKUFCT-22D-6.75","CRKUFCT-22D-6.75","022511000","CKU36-No31B"
"zcrm_7345477000025727422","CRKUFT-22D-6.75","CRKUFT-22D-6.75","022344000","CKU35-No31B"
"zcrm_7345477000025677962","CRKUR-26C-6.4S","CRKUR-26C-6.4S","021373000","CKU23-No12C"
"zcrm_7345477000025727965","CRKURC-26C-6.25","CRKURC-26C-6.25","031120000","CKU14-No24B"
"zcrm_7345477000025727220","CRKURCT-10C-6.4S","CRKURCT-10C-6.4S","021916000","CKU26-No04C"
"zcrm_7345477000025728070","CRKURT-10C-6.4","CRKURT-10C-6.4","031236000","CKU25-No15B"
"zcrm_7345477000025728131","CRKUSR-26B-6.25","CRKUSR-26B-6.25","031303000","CKU11-No24B"
"zcrm_7345477000025728197","CRKUSRC-26B-6.25","CRKUSRC-26B-6.25","031385000","CKU12-No24B"
"zcrm_7345477000025727293","CRKUF-02C-6.75","CRKUF-02C-6.75","022137000","CKU33-No25B"
"zcrm_7345477000025727359","CRKUFC-02C-6.75","CRKUFC-02C-6.75","022235000","CKU34-No25B"
"zcrm_7345477000025727477","CRKUFCT-26D-6.75","CRKUFCT-26D-6.75","022518000","CKU36-No32B"
"zcrm_7345477000025727423","CRKUFT-26D-6.75","CRKUFT-26D-6.75","022345000","CKU35-No32B"
"zcrm_7345477000025727911","CRKUR-02C-6.4","CRKUR-02C-6.4","030805000","CKU23-No13B"
"zcrm_7345477000025727040","CRKURC-02C-6.4S","CRKURC-02C-6.4S","021503000","CKU24-No01C"
"zcrm_7345477000025727221","CRKURCT-12C-6.4S","CRKURCT-12C-6.4S","021917000","CKU26-No05C"
"zcrm_7345477000025728071","CRKURT-12C-6.4","CRKURT-12C-6.4","031237000","CKU25-No16B"
"zcrm_7345477000025677776","CRKUSR-02B-6.4S","CRKUSR-02B-6.4S","020973000","CKU21-No01C"
"zcrm_7345477000025677864","CRKUSRC-02B-6.4S","CRKUSRC-02B-6.4S","021158000","CKU22-No01C"
"zcrm_7345477000025727294","CRKUF-04C-6.75","CRKUF-04C-6.75","022138000","CKU33-No26B"
"zcrm_7345477000025727360","CRKUFC-04C-6.75","CRKUFC-04C-6.75","022236000","CKU34-No26B"
"zcrm_7345477000025727912","CRKUR-04C-6.4","CRKUR-04C-6.4","030806000","CKU23-No14B"
"zcrm_7345477000025727041","CRKURC-04C-6.4S","CRKURC-04C-6.4S","021504000","CKU24-No02C"
"zcrm_7345477000025727222","CRKURCT-15C-6.4S","CRKURCT-15C-6.4S","021918000","CKU26-No06C"
"zcrm_7345477000025728072","CRKURT-15C-6.4","CRKURT-15C-6.4","031238000","CKU25-No17B"
"zcrm_7345477000025677777","CRKUSR-04B-6.4S","CRKUSR-04B-6.4S","020974000","CKU21-No02C"
"zcrm_7345477000025677865","CRKUSRC-04B-6.4S","CRKUSRC-04B-6.4S","021159000","CKU22-No02C"
"zcrm_7345477000025727295","CRKUF-06C-6.75","CRKUF-06C-6.75","022139000","CKU33-No27B"
"zcrm_7345477000025727361","CRKUFC-06C-6.75","CRKUFC-06C-6.75","022237000","CKU34-No27B"
"zcrm_7345477000025727913","CRKUR-06C-6.4","CRKUR-06C-6.4","030807000","CKU23-No15B"
"zcrm_7345477000025727042","CRKURC-06C-6.4S","CRKURC-06C-6.4S","021505000","CKU24-No03C"
"zcrm_7345477000025727223","CRKURCT-17C-6.4S","CRKURCT-17C-6.4S","021919000","CKU26-No07C"
"zcrm_7345477000025728073","CRKURT-17C-6.4","CRKURT-17C-6.4","031239000","CKU25-No18B"
"zcrm_7345477000025677778","CRKUSR-06B-6.4S","CRKUSR-06B-6.4S","020975000","CKU21-No03C"
"zcrm_7345477000025677866","CRKUSRC-06B-6.4S","CRKUSRC-06B-6.4S","021160000","CKU22-No03C"
"zcrm_7345477000025727296","CRKUF-07C-6.75","CRKUF-07C-6.75","022140000","CKU33-No28B"
"zcrm_7345477000025727362","CRKUFC-07C-6.75","CRKUFC-07C-6.75","022238000","CKU34-No28B"
"zcrm_7345477000025727914","CRKUR-07C-6.4","CRKUR-07C-6.4","030808000","CKU23-No16B"
"zcrm_7345477000025727043","CRKURC-07C-6.4S","CRKURC-07C-6.4S","021506000","CKU24-No04C"
"zcrm_7345477000025727224","CRKURCT-18C-6.4S","CRKURCT-18C-6.4S","021931000","CKU26-No08C"
"zcrm_7345477000025728074","CRKURT-18C-6.4","CRKURT-18C-6.4","031240000","CKU25-No19B"
"zcrm_7345477000025677779","CRKUSR-07B-6.4S","CRKUSR-07B-6.4S","020976000","CKU21-No04C"
"zcrm_7345477000025677867","CRKUSRC-07B-6.4S","CRKUSRC-07B-6.4S","021161000","CKU22-No04C"
"zcrm_7345477000025727297","CRKUF-10C-6.75","CRKUF-10C-6.75","022141000","CKU33-No29B"
"zcrm_7345477000025727363","CRKUFC-10C-6.75","CRKUFC-10C-6.75","022239000","CKU34-No29B"
"zcrm_7345477000025727915","CRKUR-10C-6.4","CRKUR-10C-6.4","030816000","CKU23-No17B"
"zcrm_7345477000025727044","CRKURC-10C-6.4S","CRKURC-10C-6.4S","021507000","CKU24-No05C"
"zcrm_7345477000025727225","CRKURCT-22C-6.4S","CRKURCT-22C-6.4S","021933000","CKU26-No10C"
"zcrm_7345477000025728075","CRKURT-22C-6.4","CRKURT-22C-6.4","031242000","CKU25-No21B"
"zcrm_7345477000025677780","CRKUSR-10B-6.4S","CRKUSR-10B-6.4S","020977000","CKU21-No05C"
"zcrm_7345477000025677868","CRKUSRC-10B-6.4S","CRKUSRC-10B-6.4S","021162000","CKU22-No05C"
"zcrm_7345477000025727298","CRKUF-12C-6.75","CRKUF-12C-6.75","022142000","CKU33-No30B"
"zcrm_7345477000025727364","CRKUFC-12C-6.75","CRKUFC-12C-6.75","022240000","CKU34-No30B"
"zcrm_7345477000025727916","CRKUR-12C-6.4","CRKUR-12C-6.4","030817000","CKU23-No18B"
"zcrm_7345477000025727045","CRKURC-12C-6.4S","CRKURC-12C-6.4S","021508000","CKU24-No06C"
"zcrm_7345477000025727226","CRKURCT-26C-6.4S","CRKURCT-26C-6.4S","021934000","CKU26-No11C"
"zcrm_7345477000025728076","CRKURT-26C-6.4","CRKURT-26C-6.4","031243000","CKU25-No22B"
"zcrm_7345477000025677781","CRKUSR-12B-6.4S","CRKUSR-12B-6.4S","020978000","CKU21-No06C"
"zcrm_7345477000025677869","CRKUSRC-12B-6.4S","CRKUSRC-12B-6.4S","021163000","CKU22-No06C"
"zcrm_7345477000025727299","CRKUF-15C-6.75","CRKUF-15C-6.75","022143000","CKU33-No31B"
"zcrm_7345477000025727365","CRKUFC-15C-6.75","CRKUFC-15C-6.75","022245000","CKU34-No31B"
"zcrm_7345477000025727917","CRKUR-15C-6.4","CRKUR-15C-6.4","030818000","CKU23-No19B"
"zcrm_7345477000025727046","CRKURC-15C-6.4S","CRKURC-15C-6.4S","021509000","CKU24-No07C"
"zcrm_7345477000025728027","CRKURCT-04C-6.4","CRKURCT-04C-6.4","031188000","CKU26-No12B"
"zcrm_7345477000025727140","CRKURT-04C-6.75","CRKURT-04C-6.75","021720000","CKU35-No01C"
"zcrm_7345477000025677782","CRKUSR-15B-6.4S","CRKUSR-15B-6.4S","020979000","CKU21-No07C"
"zcrm_7345477000025677870","CRKUSRC-15B-6.4S","CRKUSRC-15B-6.4S","021164000","CKU22-No07C"
"zcrm_7345477000025727300","CRKUF-17C-6.75","CRKUF-17C-6.75","022144000","CKU33-No32B"
"zcrm_7345477000025727366","CRKUFC-17C-6.75","CRKUFC-17C-6.75","022247000","CKU34-No32B"
"zcrm_7345477000025727918","CRKUR-17C-6.4","CRKUR-17C-6.4","030819000","CKU23-No20B"
"zcrm_7345477000025727047","CRKURC-17C-6.4S","CRKURC-17C-6.4S","021510000","CKU24-No08C"
"zcrm_7345477000025728028","CRKURCT-06C-6.4","CRKURCT-06C-6.4","031189000","CKU26-No13B"
"zcrm_7345477000025727141","CRKURT-06C-6.75","CRKURT-06C-6.75","021721000","CKU35-No02C"
"zcrm_7345477000025677783","CRKUSR-17B-6.4S","CRKUSR-17B-6.4S","020980000","CKU21-No08C"
"zcrm_7345477000025677871","CRKUSRC-17B-6.4S","CRKUSRC-17B-6.4S","021165000","CKU22-No08C"
"zcrm_7345477000025727301","CRKUF-18C-6.75","CRKUF-18C-6.75","022145000","CKU33-No33B"
"zcrm_7345477000025727367","CRKUFC-18C-6.75","CRKUFC-18C-6.75","022248000","CKU34-No33B"
"zcrm_7345477000025727919","CRKUR-18C-6.4","CRKUR-18C-6.4","030874000","CKU23-No21B"
"zcrm_7345477000025727048","CRKURC-18C-6.4S","CRKURC-18C-6.4S","021511000","CKU24-No09C"
"zcrm_7345477000025728029","CRKURCT-07C-6.4","CRKURCT-07C-6.4","031190000","CKU26-No14B"
"zcrm_7345477000025727142","CRKURT-07C-6.75","CRKURT-07C-6.75","021722000","CKU35-No03C"
"zcrm_7345477000025677784","CRKUSR-18B-6.4S","CRKUSR-18B-6.4S","020981000","CKU21-No09C"
"zcrm_7345477000025677872","CRKUSRC-18B-6.4S","CRKUSRC-18B-6.4S","021166000","CKU22-No09C"
"zcrm_7345477000025727302","CRKUF-22C-6.75","CRKUF-22C-6.75","022147000","CKU33-No35B"
"zcrm_7345477000025727368","CRKUFC-22C-6.75","CRKUFC-22C-6.75","022251000","CKU34-No35B"
"zcrm_7345477000025727920","CRKUR-22C-6.4","CRKUR-22C-6.4","030876000","CKU23-No23B"
"zcrm_7345477000025727049","CRKURC-22C-6.4S","CRKURC-22C-6.4S","021513000","CKU24-No11C"
"zcrm_7345477000025728030","CRKURCT-10C-6.4","CRKURCT-10C-6.4","031191000","CKU26-No15B"
"zcrm_7345477000025727143","CRKURT-10C-6.75","CRKURT-10C-6.75","021723000","CKU35-No04C"
"zcrm_7345477000025677785","CRKUSR-22B-6.4S","CRKUSR-22B-6.4S","020983000","CKU21-No11C"
"zcrm_7345477000025677873","CRKUSRC-22B-6.4S","CRKUSRC-22B-6.4S","021168000","CKU22-No11C"
"zcrm_7345477000025727303","CRKUF-26C-6.75","CRKUF-26C-6.75","022148000","CKU33-No36B"
"zcrm_7345477000025727369","CRKUFC-26C-6.75","CRKUFC-26C-6.75","022252000","CKU34-No36B"
"zcrm_7345477000025727921","CRKUR-26C-6.4","CRKUR-26C-6.4","030884000","CKU23-No24B"
"zcrm_7345477000025727050","CRKURC-26C-6.4S","CRKURC-26C-6.4S","021518000","CKU24-No12C"
"zcrm_7345477000025728031","CRKURCT-12C-6.4","CRKURCT-12C-6.4","031192000","CKU26-No16B"
"zcrm_7345477000025727144","CRKURT-12C-6.75","CRKURT-12C-6.75","021724000","CKU35-No05C"
"zcrm_7345477000025677786","CRKUSR-26B-6.4S","CRKUSR-26B-6.4S","020984000","CKU21-No12C"
"zcrm_7345477000025677874","CRKUSRC-26B-6.4S","CRKUSRC-26B-6.4S","021169000","CKU22-No12C"
"zcrm_7345477000025677963","CRKUR-02C-6.75","CRKUR-02C-6.75","021374000","CKU33-No01C"
"zcrm_7345477000025727966","CRKURC-02C-6.4","CRKURC-02C-6.4","031121000","CKU24-No13B"
"zcrm_7345477000025728032","CRKURCT-15C-6.4","CRKURCT-15C-6.4","031193000","CKU26-No17B"
"zcrm_7345477000025727145","CRKURT-15C-6.75","CRKURT-15C-6.75","021725000","CKU35-No06C"
"zcrm_7345477000025728132","CRKUSR-02B-6.4","CRKUSR-02B-6.4","031304000","CKU21-No13B"
"zcrm_7345477000025728198","CRKUSRC-02B-6.4","CRKUSRC-02B-6.4","031386000","CKU22-No13B"
"zcrm_7345477000025677964","CRKUR-04C-6.75","CRKUR-04C-6.75","021375000","CKU33-No02C"
"zcrm_7345477000025727967","CRKURC-04C-6.4","CRKURC-04C-6.4","031122000","CKU24-No14B"
"zcrm_7345477000025728033","CRKURCT-17C-6.4","CRKURCT-17C-6.4","031194000","CKU26-No18B"
"zcrm_7345477000025727146","CRKURT-17C-6.75","CRKURT-17C-6.75","021726000","CKU35-No07C"
"zcrm_7345477000025728133","CRKUSR-04B-6.4","CRKUSR-04B-6.4","031305000","CKU21-No14B"
"zcrm_7345477000025728199","CRKUSRC-04B-6.4","CRKUSRC-04B-6.4","031387000","CKU22-No14B"
"zcrm_7345477000025677965","CRKUR-06C-6.75","CRKUR-06C-6.75","021376000","CKU33-No03C"
"zcrm_7345477000025727968","CRKURC-06C-6.4","CRKURC-06C-6.4","031123000","CKU24-No15B"
"zcrm_7345477000025728034","CRKURCT-18C-6.4","CRKURCT-18C-6.4","031195000","CKU26-No19B"
"zcrm_7345477000025727147","CRKURT-18C-6.75","CRKURT-18C-6.75","021727000","CKU35-No08C"
"zcrm_7345477000025728134","CRKUSR-06B-6.4","CRKUSR-06B-6.4","031306000","CKU21-No15B"
"zcrm_7345477000025728200","CRKUSRC-06B-6.4","CRKUSRC-06B-6.4","031388000","CKU22-No15B"
"zcrm_7345477000025677966","CRKUR-07C-6.75","CRKUR-07C-6.75","021377000","CKU33-No04C"
"zcrm_7345477000025727969","CRKURC-07C-6.4","CRKURC-07C-6.4","031124000","CKU24-No16B"
"zcrm_7345477000025728035","CRKURCT-22C-6.4","CRKURCT-22C-6.4","031197000","CKU26-No21B"
"zcrm_7345477000025727148","CRKURT-22C-6.75","CRKURT-22C-6.75","021729000","CKU35-No10C"
"zcrm_7345477000025728135","CRKUSR-07B-6.4","CRKUSR-07B-6.4","031307000","CKU21-No16B"
"zcrm_7345477000025728201","CRKUSRC-07B-6.4","CRKUSRC-07B-6.4","031389000","CKU22-No16B"
"zcrm_7345477000025677967","CRKUR-10C-6.75","CRKUR-10C-6.75","021378000","CKU33-No05C"
"zcrm_7345477000025727970","CRKURC-10C-6.4","CRKURC-10C-6.4","031125000","CKU24-No17B"
"zcrm_7345477000025728036","CRKURCT-26C-6.4","CRKURCT-26C-6.4","031198000","CKU26-No22B"
"zcrm_7345477000025727149","CRKURT-26C-6.75","CRKURT-26C-6.75","021730000","CKU35-No11C"
"zcrm_7345477000025728136","CRKUSR-10B-6.4","CRKUSR-10B-6.4","031308000","CKU21-No17B"
"zcrm_7345477000025728202","CRKUSRC-10B-6.4","CRKUSRC-10B-6.4","031390000","CKU22-No17B"
"zcrm_7345477000025677968","CRKUR-12C-6.75","CRKUR-12C-6.75","021379000","CKU33-No06C"
"zcrm_7345477000025727971","CRKURC-12C-6.4","CRKURC-12C-6.4","031126000","CKU24-No18B"
"zcrm_7345477000025727228","CRKURCT-04C-6.75","CRKURCT-04C-6.75","021936000","CKU36-No01C"
"zcrm_7345477000025728137","CRKUSR-12B-6.4","CRKUSR-12B-6.4","031309000","CKU21-No18B"
"zcrm_7345477000025728203","CRKUSRC-12B-6.4","CRKUSRC-12B-6.4","031391000","CKU22-No18B"
"zcrm_7345477000025677969","CRKUR-15C-6.75","CRKUR-15C-6.75","021380000","CKU33-No07C"
"zcrm_7345477000025727972","CRKURC-15C-6.4","CRKURC-15C-6.4","031127000","CKU24-No19B"
"zcrm_7345477000025727229","CRKURCT-06C-6.75","CRKURCT-06C-6.75","021937000","CKU36-No02C"
"zcrm_7345477000025728138","CRKUSR-15B-6.4","CRKUSR-15B-6.4","031310000","CKU21-No19B"
"zcrm_7345477000025728204","CRKUSRC-15B-6.4","CRKUSRC-15B-6.4","031392000","CKU22-No19B"
"zcrm_7345477000025677970","CRKUR-17C-6.75","CRKUR-17C-6.75","021381000","CKU33-No08C"
"zcrm_7345477000025727973","CRKURC-17C-6.4","CRKURC-17C-6.4","031128000","CKU24-No20B"
"zcrm_7345477000025727230","CRKURCT-07C-6.75","CRKURCT-07C-6.75","021946000","CKU36-No03C"
"zcrm_7345477000025728139","CRKUSR-17B-6.4","CRKUSR-17B-6.4","031311000","CKU21-No20B"
"zcrm_7345477000025728205","CRKUSRC-17B-6.4","CRKUSRC-17B-6.4","031393000","CKU22-No20B"
"zcrm_7345477000025677971","CRKUR-18C-6.75","CRKUR-18C-6.75","021382000","CKU33-No09C"
"zcrm_7345477000025727974","CRKURC-18C-6.4","CRKURC-18C-6.4","031129000","CKU24-No21B"
"zcrm_7345477000025727231","CRKURCT-10C-6.75","CRKURCT-10C-6.75","021947000","CKU36-No04C"
"zcrm_7345477000025728140","CRKUSR-18B-6.4","CRKUSR-18B-6.4","031312000","CKU21-No21B"
"zcrm_7345477000025728206","CRKUSRC-18B-6.4","CRKUSRC-18B-6.4","031394000","CKU22-No21B"
"zcrm_7345477000025677972","CRKUR-22C-6.75","CRKUR-22C-6.75","021384000","CKU33-No11C"
"zcrm_7345477000025727975","CRKURC-22C-6.4","CRKURC-22C-6.4","031131000","CKU24-No23B"
"zcrm_7345477000025727232","CRKURCT-12C-6.75","CRKURCT-12C-6.75","021948000","CKU36-No05C"
"zcrm_7345477000025728141","CRKUSR-22B-6.4","CRKUSR-22B-6.4","031314000","CKU21-No23B"
"zcrm_7345477000025728207","CRKUSRC-22B-6.4","CRKUSRC-22B-6.4","031396000","CKU22-No23B"
"zcrm_7345477000025677973","CRKUR-26C-6.75","CRKUR-26C-6.75","021385000","CKU33-No12C"
"zcrm_7345477000025727976","CRKURC-26C-6.4","CRKURC-26C-6.4","031132000","CKU24-No24B"
"zcrm_7345477000025727233","CRKURCT-15C-6.75","CRKURCT-15C-6.75","021949000","CKU36-No06C"
"zcrm_7345477000025728142","CRKUSR-26B-6.4","CRKUSR-26B-6.4","031315000","CKU21-No24B"
"zcrm_7345477000025728208","CRKUSRC-26B-6.4","CRKUSRC-26B-6.4","031397000","CKU22-No24B"
"zcrm_7345477000025727051","CRKURC-02C-6.75","CRKURC-02C-6.75","021519000","CKU34-No01C"
"zcrm_7345477000025727234","CRKURCT-17C-6.75","CRKURCT-17C-6.75","021959000","CKU36-No07C"
"zcrm_7345477000025677787","CRKUSR-02B-6.75","CRKUSR-02B-6.75","020985000","CKU31-No01C"
"zcrm_7345477000025677875","CRKUSRC-02B-6.75","CRKUSRC-02B-6.75","021170000","CKU32-No01C"
"zcrm_7345477000025727052","CRKURC-04C-6.75","CRKURC-04C-6.75","021520000","CKU34-No02C"
"zcrm_7345477000025727235","CRKURCT-18C-6.75","CRKURCT-18C-6.75","021967000","CKU36-No08C"
"zcrm_7345477000025677788","CRKUSR-04B-6.75","CRKUSR-04B-6.75","020986000","CKU31-No02C"
"zcrm_7345477000025677876","CRKUSRC-04B-6.75","CRKUSRC-04B-6.75","021171000","CKU32-No02C"
"zcrm_7345477000025727053","CRKURC-06C-6.75","CRKURC-06C-6.75","021521000","CKU34-No03C"
"zcrm_7345477000025727236","CRKURCT-22C-6.75","CRKURCT-22C-6.75","021980000","CKU36-No10C"
"zcrm_7345477000025677789","CRKUSR-06B-6.75","CRKUSR-06B-6.75","020987000","CKU31-No03C"
"zcrm_7345477000025677877","CRKUSRC-06B-6.75","CRKUSRC-06B-6.75","021172000","CKU32-No03C"
"zcrm_7345477000025727054","CRKURC-07C-6.75","CRKURC-07C-6.75","021522000","CKU34-No04C"
"zcrm_7345477000025727237","CRKURCT-26C-6.75","CRKURCT-26C-6.75","021989000","CKU36-No11C"
"zcrm_7345477000025677790","CRKUSR-07B-6.75","CRKUSR-07B-6.75","020988000","CKU31-No04C"
"zcrm_7345477000025677878","CRKUSRC-07B-6.75","CRKUSRC-07B-6.75","021173000","CKU32-No04C"
"zcrm_7345477000025727055","CRKURC-10C-6.75","CRKURC-10C-6.75","021523000","CKU34-No05C"
"zcrm_7345477000025677791","CRKUSR-10B-6.75","CRKUSR-10B-6.75","020989000","CKU31-No05C"
"zcrm_7345477000025677879","CRKUSRC-10B-6.75","CRKUSRC-10B-6.75","021174000","CKU32-No05C"
"zcrm_7345477000025727056","CRKURC-12C-6.75","CRKURC-12C-6.75","021524000","CKU34-No06C"
"zcrm_7345477000025677792","CRKUSR-12B-6.75","CRKUSR-12B-6.75","020990000","CKU31-No06C"
"zcrm_7345477000025677880","CRKUSRC-12B-6.75","CRKUSRC-12B-6.75","021175000","CKU32-No06C"
"zcrm_7345477000025727057","CRKURC-15C-6.75","CRKURC-15C-6.75","021525000","CKU34-No07C"
"zcrm_7345477000025677793","CRKUSR-15B-6.75","CRKUSR-15B-6.75","020991000","CKU31-No07C"
"zcrm_7345477000025677881","CRKUSRC-15B-6.75","CRKUSRC-15B-6.75","021176000","CKU32-No07C"
"zcrm_7345477000025727058","CRKURC-17C-6.75","CRKURC-17C-6.75","021526000","CKU34-No08C"
"zcrm_7345477000025677794","CRKUSR-17B-6.75","CRKUSR-17B-6.75","020992000","CKU31-No08C"
"zcrm_7345477000025677882","CRKUSRC-17B-6.75","CRKUSRC-17B-6.75","021179000","CKU32-No08C"
"zcrm_7345477000025727059","CRKURC-18C-6.75","CRKURC-18C-6.75","021527000","CKU34-No09C"
"zcrm_7345477000025677795","CRKUSR-18B-6.75","CRKUSR-18B-6.75","020993000","CKU31-No09C"
"zcrm_7345477000025677883","CRKUSRC-18B-6.75","CRKUSRC-18B-6.75","021181000","CKU32-No09C"
"zcrm_7345477000025727060","CRKURC-22C-6.75","CRKURC-22C-6.75","021542000","CKU34-No11C"
"zcrm_7345477000025677796","CRKUSR-22B-6.75","CRKUSR-22B-6.75","020995000","CKU31-No11C"
"zcrm_7345477000025677884","CRKUSRC-22B-6.75","CRKUSRC-22B-6.75","021187000","CKU32-No11C"
"zcrm_7345477000025727061","CRKURC-26C-6.75","CRKURC-26C-6.75","021565000","CKU34-No12C"
"zcrm_7345477000025677797","CRKUSR-26B-6.75","CRKUSR-26B-6.75","020996000","CKU31-No12C"
"zcrm_7345477000025677885","CRKUSRC-26B-6.75","CRKUSRC-26B-6.75","021193000","CKU32-No12C"
"zcrm_7345477000010940101","FRPタンク（槽のみ）　縦型","SPK-02B","020862000","SK01-No01A"
"zcrm_7345477000025677702","SPKUR-02B-5.15S","SPKUR-02B-5.15S","020880000","SKU01-No05C"
"zcrm_7345477000025677694","SPKUSR-02B-5.15S","SPKUSR-02B-5.15S","020864000","SKU01-No01C"
"zcrm_7345477000010940102","FRPタンク（槽のみ）　縦型","SPK-03B","020863000","SK01-No02A"
"zcrm_7345477000025677703","SPKUR-02B-5.25S","SPKUR-02B-5.25S","020881000","SKU01-No06C"
"zcrm_7345477000025677695","SPKUSR-02B-5.25S","SPKUSR-02B-5.25S","020865000","SKU01-No02C"
"zcrm_7345477000025728257","SPKUR-02B-5.25","SPKUR-02B-5.25","031467000","SKU01-No13C"
"zcrm_7345477000025728261","SPKUSR-02B-5.25","SPKUSR-02B-5.25","031472000","SKU01-No10C"
"zcrm_7345477000025677706","SPKUR-03B-5.15S","SPKUR-03B-5.15S","020884000","SKU01-No07C"
"zcrm_7345477000025677698","SPKUSR-03B-5.15S","SPKUSR-03B-5.15S","020868000","SKU01-No03C"
"zcrm_7345477000025677707","SPKUR-03B-5.25S","SPKUR-03B-5.25S","020885000","SKU01-No08C"
"zcrm_7345477000025677699","SPKUSR-03B-5.25S","SPKUSR-03B-5.25S","020869000","SKU01-No12C"
"zcrm_7345477000025728259","SPKUR-03B-5.25","SPKUR-03B-5.25","031469000","SKU01-No14C"
"zcrm_7345477000025728262","SPKUSR-03B-5.25","SPKUSR-03B-5.25","031474000","SKU01-No12C"
"zcrm_7345477000025677704","SPKUR-02B-6.15S","SPKUR-02B-6.15S","020882000","SKU01-No05C"
"zcrm_7345477000025677696","SPKUSR-02B-6.15S","SPKUSR-02B-6.15S","020866000","SKU01-No01C"
"zcrm_7345477000025677705","SPKUR-02B-6.25S","SPKUR-02B-6.25S","020883000","SKU01-No06C"
"zcrm_7345477000025677697","SPKUSR-02B-6.25S","SPKUSR-02B-6.25S","020867000","SKU01-No02C"
"zcrm_7345477000025728258","SPKUR-02B-6.25","SPKUR-02B-6.25","031468000","SKU01-No13C"
"zcrm_7345477000025728263","SPKUSR-02B-6.25","SPKUSR-02B-6.25","031476000","SKU01-No10C"
"zcrm_7345477000025677708","SPKUR-03B-6.15S","SPKUR-03B-6.15S","020887000","SKU01-No07C"
"zcrm_7345477000025677700","SPKUSR-03B-6.15S","SPKUSR-03B-6.15S","020870000","SKU01-No03C"
"zcrm_7345477000025677709","SPKUR-03B-6.25S","SPKUR-03B-6.25S","020888000","SKU01-No08C"
"zcrm_7345477000025677701","SPKUSR-03B-6.25S","SPKUSR-03B-6.25S","020871000","SKU01-No04C"
"zcrm_7345477000025728260","SPKUR-03B-6.25","SPKUR-03B-6.25","031470000","SKU01-No14C"
"zcrm_7345477000025728264","SPKUSR-03B-6.25","SPKUSR-03B-6.25","031478000","SKU01-No12C"
"zcrm_7345477000025727526","TPK-720×1500","TPK-720×1500","022715000","TP07-No01A"
"zcrm_7345477000025727542","TPK-820×1500","TPK-820×1500","022750000","TP08-No01A"
"zcrm_7345477000025727558","TPK-960×1500","TPK-960×1500","022780000","TP09-No01A"
"zcrm_7345477000025727574","TPK-1050×1500","TPK-1050×1500","022874000","TP10-No01A"
"zcrm_7345477000025727590","TPK-1200×1600","TPK-1200×1600","022907000","TP12-No02A"
"zcrm_7345477000025727605","TPK-1300×1600","TPK-1300×1600","022959000","TP13-No01A"
"zcrm_7345477000025727620","TPK-1600×1500","TPK-1600×1500","022994000","TP16-No01A"
"zcrm_7345477000025727527","TPK-720×1600","TPK-720×1600","022716000","TP07-No02A"
"zcrm_7345477000025727543","TPK-820×1600","TPK-820×1600","022751000","TP08-No02A"
"zcrm_7345477000025727559","TPK-960×1600","TPK-960×1600","022781000","TP09-No02A"
"zcrm_7345477000025727575","TPK-1050×1600","TPK-1050×1600","022875000","TP10-No02A"
"zcrm_7345477000025727591","TPK-1200×1700","TPK-1200×1700","022908000","TP12-No03A"
"zcrm_7345477000025727606","TPK-1300×1700","TPK-1300×1700","022960000","TP13-No02A"
"zcrm_7345477000025727621","TPK-1600×1600","TPK-1600×1600","022995000","TP16-No02A"
"zcrm_7345477000025727528","TPK-720×1700","TPK-720×1700","022717000","TP07-No03A"
"zcrm_7345477000025727544","TPK-820×1700","TPK-820×1700","022752000","TP08-No03A"
"zcrm_7345477000025727560","TPK-960×1700","TPK-960×1700","022782000","TP09-No03A"
"zcrm_7345477000025727576","TPK-1050×1700","TPK-1050×1700","022877000","TP10-No03A"
"zcrm_7345477000025727592","TPK-1200×1800","TPK-1200×1800","022917000","TP12-No04A"
"zcrm_7345477000025727607","TPK-1300×1800","TPK-1300×1800","022961000","TP13-No03A"
"zcrm_7345477000025727622","TPK-1600×1700","TPK-1600×1700","022996000","TP16-No03A"
"zcrm_7345477000025727529","TPK-720×1800","TPK-720×1800","022718000","TP07-No04A"
"zcrm_7345477000025727545","TPK-820×1800","TPK-820×1800","022753000","TP08-No04A"
"zcrm_7345477000025727561","TPK-960×1800","TPK-960×1800","022783000","TP09-No04A"
"zcrm_7345477000025727577","TPK-1050×1800","TPK-1050×1800","022879000","TP10-No04A"
"zcrm_7345477000025727593","TPK-1200×1900","TPK-1200×1900","022919000","TP12-No05A"
"zcrm_7345477000025727608","TPK-1300×1900","TPK-1300×1900","022968000","TP13-No04A"
"zcrm_7345477000025727623","TPK-1600×1800","TPK-1600×1800","023004000","TP16-No04A"
"zcrm_7345477000025727530","TPK-720×1900","TPK-720×1900","022719000","TP07-No05A"
"zcrm_7345477000025727546","TPK-820×1900","TPK-820×1900","022757000","TP08-No05A"
"zcrm_7345477000025727562","TPK-960×1900","TPK-960×1900","022784000","TP09-No05A"
"zcrm_7345477000025727578","TPK-1050×1900","TPK-1050×1900","022883000","TP10-No05A"
"zcrm_7345477000025727594","TPK-1200×2000","TPK-1200×2000","022920000","TP12-No06A"
"zcrm_7345477000025727609","TPK-1300×2000","TPK-1300×2000","022969000","TP13-No05A"
"zcrm_7345477000025727624","TPK-1600×1900","TPK-1600×1900","023008000","TP16-No05A"
"zcrm_7345477000025727531","TPK-720×2000","TPK-720×2000","022720000","TP07-No06A"
"zcrm_7345477000025727547","TPK-820×2000","TPK-820×2000","022758000","TP08-No06A"
"zcrm_7345477000025727563","TPK-960×2000","TPK-960×2000","022823000","TP09-No06A"
"zcrm_7345477000025727579","TPK-1050×2000","TPK-1050×2000","022885000","TP10-No06A"
"zcrm_7345477000025727595","TPK-1200×2100","TPK-1200×2100","022921000","TP12-No07A"
"zcrm_7345477000025727610","TPK-1300×2100","TPK-1300×2100","022970000","TP13-No06A"
"zcrm_7345477000025727625","TPK-1600×2000","TPK-1600×2000","023009000","TP16-No06A"
"zcrm_7345477000025727532","TPK-720×2100","TPK-720×2100","022721000","TP07-No07A"
"zcrm_7345477000025727548","TPK-820×2100","TPK-820×2100","022759000","TP08-No07A"
"zcrm_7345477000025727564","TPK-960×2100","TPK-960×2100","022828000","TP09-No07A"
"zcrm_7345477000025727580","TPK-1050×2100","TPK-1050×2100","022890000","TP10-No07A"
"zcrm_7345477000025727596","TPK-1200×2200","TPK-1200×2200","022936000","TP12-No08A"
"zcrm_7345477000025727611","TPK-1300×2200","TPK-1300×2200","022971000","TP13-No07A"
"zcrm_7345477000025727626","TPK-1600×2100","TPK-1600×2100","023010000","TP16-No07A"
"zcrm_7345477000025727533","TPK-720×2200","TPK-720×2200","022722000","TP07-No08A"
"zcrm_7345477000025727549","TPK-820×2200","TPK-820×2200","022760000","TP08-No08A"
"zcrm_7345477000025727565","TPK-960×2200","TPK-960×2200","022829000","TP09-No08A"
"zcrm_7345477000025727581","TPK-1050×2200","TPK-1050×2200","022892000","TP10-No08A"
"zcrm_7345477000025727597","TPK-1200×2300","TPK-1200×2300","022942000","TP12-No09A"
"zcrm_7345477000025727612","TPK-1300×2300","TPK-1300×2300","022972000","TP13-No08A"
"zcrm_7345477000025727627","TPK-1600×2200","TPK-1600×2200","023011000","TP16-No08A"
"zcrm_7345477000025727534","TPK-720×2300","TPK-720×2300","022741000","TP07-No09A"
"zcrm_7345477000025727550","TPK-820×2300","TPK-820×2300","022761000","TP08-No09A"
"zcrm_7345477000025727566","TPK-960×2300","TPK-960×2300","022842000","TP09-No09A"
"zcrm_7345477000025727582","TPK-1050×2300","TPK-1050×2300","022897000","TP10-No09A"
"zcrm_7345477000025727598","TPK-1200×2400","TPK-1200×2400","022943000","TP12-No10A"
"zcrm_7345477000025727613","TPK-1300×2400","TPK-1300×2400","022973000","TP13-No09A"
"zcrm_7345477000025727628","TPK-1600×2300","TPK-1600×2300","023012000","TP16-No09A"
"zcrm_7345477000025727535","TPK-720×2400","TPK-720×2400","022742000","TP07-No10A"
"zcrm_7345477000025727551","TPK-820×2400","TPK-820×2400","022762000","TP08-No10A"
"zcrm_7345477000025727567","TPK-960×2400","TPK-960×2400","022849000","TP09-No10A"
"zcrm_7345477000025727583","TPK-1050×2400","TPK-1050×2400","022898000","TP10-No10A"
"zcrm_7345477000025727599","TPK-1200×2500","TPK-1200×2500","022946000","TP12-No11A"
"zcrm_7345477000025727614","TPK-1300×2500","TPK-1300×2500","022974000","TP13-No10A"
"zcrm_7345477000025727629","TPK-1600×2400","TPK-1600×2400","023013000","TP16-No10A"
"zcrm_7345477000025727536","TPK-720×2500","TPK-720×2500","022743000","TP07-No11A"
"zcrm_7345477000025727552","TPK-820×2500","TPK-820×2500","022763000","TP08-No11A"
"zcrm_7345477000025727568","TPK-960×2500","TPK-960×2500","022853000","TP09-No11A"
"zcrm_7345477000025727584","TPK-1050×2500","TPK-1050×2500","022899000","TP10-No11A"
"zcrm_7345477000025727600","TPK-1200×2600","TPK-1200×2600","022947000","TP12-No12A"
"zcrm_7345477000025727615","TPK-1300×2600","TPK-1300×2600","022975000","TP13-No11A"
"zcrm_7345477000025727630","TPK-1600×2500","TPK-1600×2500","023014000","TP16-No11A"
"zcrm_7345477000025727537","TPK-720×2600","TPK-720×2600","022744000","TP07-No12A"
"zcrm_7345477000025727553","TPK-820×2600","TPK-820×2600","022764000","TP08-No12A"
"zcrm_7345477000025727569","TPK-960×2600","TPK-960×2600","022855000","TP09-No12A"
"zcrm_7345477000025727585","TPK-1050×2600","TPK-1050×2600","022900000","TP10-No12A"
"zcrm_7345477000025727601","TPK-1200×2700","TPK-1200×2700","022949000","TP12-No13A"
"zcrm_7345477000025727616","TPK-1300×2700","TPK-1300×2700","022990000","TP13-No12A"
"zcrm_7345477000025727631","TPK-1600×2600","TPK-1600×2600","023017000","TP16-No12A"
"zcrm_7345477000025727538","TPK-720×2700","TPK-720×2700","022746000","TP07-No13A"
"zcrm_7345477000025727554","TPK-820×2700","TPK-820×2700","022765000","TP08-No13A"
"zcrm_7345477000025727570","TPK-960×2700","TPK-960×2700","022861000","TP09-No13A"
"zcrm_7345477000025727586","TPK-1050×2700","TPK-1050×2700","022901000","TP10-No13A"
"zcrm_7345477000025727602","TPK-1200×2800","TPK-1200×2800","022950000","TP12-No14A"
"zcrm_7345477000025727617","TPK-1300×2800","TPK-1300×2800","022991000","TP13-No13A"
"zcrm_7345477000025727632","TPK-1600×2700","TPK-1600×2700","023018000","TP16-No13A"
"zcrm_7345477000025727539","TPK-720×2800","TPK-720×2800","022747000","TP07-No14A"
"zcrm_7345477000025727555","TPK-820×2800","TPK-820×2800","022766000","TP08-No14A"
"zcrm_7345477000025727571","TPK-960×2800","TPK-960×2800","022866000","TP09-No14A"
"zcrm_7345477000025727587","TPK-1050×2800","TPK-1050×2800","022902000","TP10-No14A"
"zcrm_7345477000025727603","TPK-1200×2900","TPK-1200×2900","022957000","TP12-No15A"
"zcrm_7345477000025727618","TPK-1300×2900","TPK-1300×2900","022992000","TP13-No14A"
"zcrm_7345477000025727633","TPK-1600×2800","TPK-1600×2800","023033000","TP16-No14A"
"zcrm_7345477000025727540","TPK-720×2900","TPK-720×2900","022748000","TP07-No15A"
"zcrm_7345477000025727556","TPK-820×2900","TPK-820×2900","022774000","TP08-No15A"
"zcrm_7345477000025727572","TPK-960×2900","TPK-960×2900","022867000","TP09-No15A"
"zcrm_7345477000025727588","TPK-1050×2900","TPK-1050×2900","022903000","TP10-No15A"
"zcrm_7345477000025727604","TPK-1200×3000","TPK-1200×3000","022958000","TP12-No16A"
"zcrm_7345477000025727619","TPK-1300×3000","TPK-1300×3000","022993000","TP13-No15A"
"zcrm_7345477000025727634","TPK-1600×2900","TPK-1600×2900","023038000","TP16-No15A"
"zcrm_7345477000025727541","TPK-720×3000","TPK-720×3000","022749000","TP07-No16A"
"zcrm_7345477000025727557","TPK-820×3000","TPK-820×3000","022779000","TP08-No16A"
"zcrm_7345477000025727573","TPK-960×3000","TPK-960×3000","022870000","TP09-No16A"
"zcrm_7345477000025727589","TPK-1050×3000","TPK-1050×3000","022905000","TP10-No16A"
"zcrm_7345477000025727635","TPK-1600×3000","TPK-1600×3000","023039000","TP16-No16A"
"zcrm_7345477000025727478","CRYUR-10C-5.15S","CRYUR-10C-5.15S","022531000","CYU00-No01B"
"zcrm_7345477000025727062","CRYURC-16C-5.15S","CRYURC-16C-5.15S","021566000","CYU00-No07B"
"zcrm_7345477000025793155","FRPタンク（槽のみ）　横型","TPY-25W-13","022593000","TP01-No01A"
"zcrm_7345477000025793164","FRPタンク（槽のみ）　横型","TPY-30W-16","022604000","TP01-No12A"
"zcrm_7345477000025793174","FRPタンク（槽のみ）　横型","TPY-50W-20","022622000","TP01-No23A"
"zcrm_7345477000025727479","CRYUR-13C-5.15S","CRYUR-13C-5.15S","022532000","CYU00-No02B"
"zcrm_7345477000025727073","CRYURC-20C-5.15S","CRYURC-20C-5.15S","021600000","CYU00-No08B"
"zcrm_7345477000025793156","FRPタンク（槽のみ）　横型","TPY-30W-13","022594000","TP01-No02A"
"zcrm_7345477000025793165","FRPタンク（槽のみ）　横型","TPY-40W-16","022612000","TP01-No13A"
"zcrm_7345477000025793175","FRPタンク（槽のみ）　横型","TPY-60W-20","022628000","TP01-No24A"
"zcrm_7345477000025727480","CRYUR-16C-5.15S","CRYUR-16C-5.15S","022533000","CYU00-No03B"
"zcrm_7345477000025727084","CRYURC-24C-5.15S","CRYURC-24C-5.15S","021614000","CYU00-No09B"
"zcrm_7345477000025793157","FRPタンク（槽のみ）　横型","TPY-35W-13","022595000","TP01-No03A"
"zcrm_7345477000025793166","FRPタンク（槽のみ）　横型","TPY-50W-16","022613000","TP01-No14A"
"zcrm_7345477000025793176","FRPタンク（槽のみ）　横型","TPY-70W-20","022631000","TP01-No25A"
"zcrm_7345477000025727481","CRYUR-20C-5.15S","CRYUR-20C-5.15S","022534000","CYU00-No04B"
"zcrm_7345477000025727095","CRYURC-26C-5.15S","CRYURC-26C-5.15S","021626000","CYU00-No10B"
"zcrm_7345477000025793158","FRPタンク（槽のみ）　横型","TPY-40W-13","022596000","TP01-No04A"
"zcrm_7345477000025793167","FRPタンク（槽のみ）　横型","TPY-60W-16","022614000","TP01-No15A"
"zcrm_7345477000025793177","FRPタンク（槽のみ）　横型","TPY-80W-20","022634000","TP01-No26A"
"zcrm_7345477000025727482","CRYUR-24C-5.15S","CRYUR-24C-5.15S","022535000","CYU00-No05B"
"zcrm_7345477000025728233","CRYURC-16C-5.15","CRYURC-16C-5.15","031440000","CYU02-No21B"
"zcrm_7345477000025793159","FRPタンク（槽のみ）　横型","TPY-45W-13","022597000","TP01-No05A"
"zcrm_7345477000025793168","FRPタンク（槽のみ）　横型","TPY-70W-16","022615000","TP01-No16A"
"zcrm_7345477000025793178","FRPタンク（槽のみ）　横型","TPY-90W-20","022637000","TP01-No27A"
"zcrm_7345477000025727483","CRYUR-26C-5.15S","CRYUR-26C-5.15S","022536000","CYU00-No06B"
"zcrm_7345477000025728234","CRYURC-20C-5.15","CRYURC-20C-5.15","031441000","CYU02-No22B"
"zcrm_7345477000025793160","FRPタンク（槽のみ）　横型","TPY-50W-13","022598000","TP01-No06A"
"zcrm_7345477000025793169","FRPタンク（槽のみ）　横型","TPY-80W-16","022616000","TP01-No17A"
"zcrm_7345477000025793179","FRPタンク（槽のみ）　横型","TPY-100W-20","022638000","TP01-No28A"
"zcrm_7345477000025727484","CRYUR-10C-5.25S","CRYUR-10C-5.25S","022537000","CYU01-No01C"
"zcrm_7345477000025728235","CRYURC-24C-5.15","CRYURC-24C-5.15","031442000","CYU02-No23B"
"zcrm_7345477000025793161","FRPタンク（槽のみ）　横型","TPY-60W-13","022600000","TP01-No07A"
"zcrm_7345477000025793170","FRPタンク（槽のみ）　横型","TPY-90W-16","022617000","TP01-No18A"
"zcrm_7345477000025793180","FRPタンク（槽のみ）　横型","TPY-130W-20","022639000","TP01-No29A"
"zcrm_7345477000025727485","CRYUR-13C-5.25S","CRYUR-13C-5.25S","022538000","CYU01-No02C"
"zcrm_7345477000025728236","CRYURC-26C-5.15","CRYURC-26C-5.15","031443000","CYU02-No24B"
"zcrm_7345477000025793162","FRPタンク（槽のみ）　横型","TPY-70W-13","022601000","TP01-No08A"
"zcrm_7345477000025793171","FRPタンク（槽のみ）　横型","TPY-100W-16","022618000","TP01-No19A"
"zcrm_7345477000025793181","FRPタンク（槽のみ）　横型","TPY-150W-20","022640000","TP01-No30A"
"zcrm_7345477000025727486","CRYUR-16C-5.25S","CRYUR-16C-5.25S","022539000","CYU01-No03C"
"zcrm_7345477000025727106","CRYURC-16C-5.25S","CRYURC-16C-5.25S","021649000","CYU01-No07C"
"zcrm_7345477000025793163","FRPタンク（槽のみ）　横型","TPY-80W-13","022603000","TP01-No09A"
"zcrm_7345477000025793172","FRPタンク（槽のみ）　横型","TPY-120W-16","022619000","TP01-No20A"
"zcrm_7345477000025793182","FRPタンク（槽のみ）　横型","TPY-180W-20","022641000","TP01-No31A"
"zcrm_7345477000025727487","CRYUR-20C-5.25S","CRYUR-20C-5.25S","022540000","CYU01-No04C"
"zcrm_7345477000025727117","CRYURC-20C-5.25S","CRYURC-20C-5.25S","021695000","CYU01-No08C"
"zcrm_7345477000025793173","FRPタンク（槽のみ）　横型","TPY-130W-16","022620000","TP01-No21A"
"zcrm_7345477000025793183","FRPタンク（槽のみ）　横型","TPY-200W-20","022642000","TP01-No32A"
"zcrm_7345477000025727488","CRYUR-24C-5.25S","CRYUR-24C-5.25S","022541000","CYU01-No05C"
"zcrm_7345477000025727128","CRYURC-24C-5.25S","CRYURC-24C-5.25S","021707000","CYU01-No09C"
"zcrm_7345477000025793184","FRPタンク（槽のみ）　横型","TPY-250W-20","022643000","TP01-No33A"
"zcrm_7345477000025727489","CRYUR-26C-5.25S","CRYUR-26C-5.25S","022542000","CYU01-No06C"
"zcrm_7345477000025727139","CRYURC-26C-5.25S","CRYURC-26C-5.25S","021719000","CYU01-No10C"
"zcrm_7345477000025728209","CRYUR-10C-5.25","CRYUR-10C-5.25","031416000","CYU02-No01B"
"zcrm_7345477000025728237","CRYURC-16C-5.25","CRYURC-16C-5.25","031444000","CYU02-No31B"
"zcrm_7345477000025728210","CRYUR-13C-5.25","CRYUR-13C-5.25","031417000","CYU02-No02B"
"zcrm_7345477000025728238","CRYURC-20C-5.25","CRYURC-20C-5.25","031445000","CYU02-No32B"
"zcrm_7345477000025728211","CRYUR-16C-5.25","CRYUR-16C-5.25","031418000","CYU02-No03B"
"zcrm_7345477000025728239","CRYURC-24C-5.25","CRYURC-24C-5.25","031446000","CYU02-No33B"
"zcrm_7345477000025728212","CRYUR-20C-5.25","CRYUR-20C-5.25","031419000","CYU02-No04B"
"zcrm_7345477000025728240","CRYURC-26C-5.25","CRYURC-26C-5.25","031447000","CYU02-No34B"
"zcrm_7345477000025728213","CRYUR-24C-5.25","CRYUR-24C-5.25","031420000","CYU02-No05B"
"zcrm_7345477000025727150","CRYURC-16C-5.4S","CRYURC-16C-5.4S","021731000","CYU01-No17C"
"zcrm_7345477000025728214","CRYUR-26C-5.25","CRYUR-26C-5.25","031421000","CYU02-No06B"
"zcrm_7345477000025727161","CRYURC-20C-5.4S","CRYURC-20C-5.4S","021744000","CYU01-No18C"
"zcrm_7345477000025727490","CRYUR-10C-5.4S","CRYUR-10C-5.4S","022543000","CYU01-No11C"
"zcrm_7345477000025727172","CRYURC-24C-5.4S","CRYURC-24C-5.4S","021798000","CYU01-No19C"
"zcrm_7345477000025727491","CRYUR-13C-5.4S","CRYUR-13C-5.4S","022544000","CYU01-No12C"
"zcrm_7345477000025727183","CRYURC-26C-5.4S","CRYURC-26C-5.4S","021820000","CYU01-No20C"
"zcrm_7345477000025727492","CRYUR-16C-5.4S","CRYUR-16C-5.4S","022545000","CYU01-No13C"
"zcrm_7345477000025728241","CRYURC-16C-5.4","CRYURC-16C-5.4","031448000","CYU02-No41B"
"zcrm_7345477000025727493","CRYUR-20C-5.4S","CRYUR-20C-5.4S","022546000","CYU01-No14C"
"zcrm_7345477000025728242","CRYURC-20C-5.4","CRYURC-20C-5.4","031449000","CYU02-No42B"
"zcrm_7345477000025727494","CRYUR-24C-5.4S","CRYUR-24C-5.4S","022547000","CYU01-No15C"
"zcrm_7345477000025728243","CRYURC-24C-5.4","CRYURC-24C-5.4","031450000","CYU02-No43B"
"zcrm_7345477000025727495","CRYUR-26C-5.4S","CRYUR-26C-5.4S","022548000","CYU01-No16C"
"zcrm_7345477000025728244","CRYURC-26C-5.4","CRYURC-26C-5.4","031451000","CYU02-No44B"
"zcrm_7345477000025728215","CRYUR-10C-5.4","CRYUR-10C-5.4","031422000","CYU02-No11B"
"zcrm_7345477000025727194","CRYURC-16C-5.75","CRYURC-16C-5.75","021852000","CYU01-No27C"
"zcrm_7345477000025728216","CRYUR-13C-5.4","CRYUR-13C-5.4","031423000","CYU02-No12B"
"zcrm_7345477000025727205","CRYURC-20C-5.75","CRYURC-20C-5.75","021867000","CYU01-No28C"
"zcrm_7345477000025728217","CRYUR-16C-5.4","CRYUR-16C-5.4","031424000","CYU02-No13B"
"zcrm_7345477000025727216","CRYURC-24C-5.75","CRYURC-24C-5.75","021902000","CYU01-No29C"
"zcrm_7345477000025728218","CRYUR-20C-5.4","CRYUR-20C-5.4","031425000","CYU02-No14B"
"zcrm_7345477000025727227","CRYURC-26C-5.75","CRYURC-26C-5.75","021935000","CYU01-No30C"
"zcrm_7345477000025728219","CRYUR-24C-5.4","CRYUR-24C-5.4","031426000","CYU02-No15B"
"zcrm_7345477000025728220","CRYUR-26C-5.4","CRYUR-26C-5.4","031427000","CYU02-No16B"
"zcrm_7345477000025727496","CRYUR-10C-5.75","CRYUR-10C-5.75","022549000","CYU01-No21C"
"zcrm_7345477000025727497","CRYUR-13C-5.75","CRYUR-13C-5.75","022550000","CYU01-No22C"
"zcrm_7345477000025727498","CRYUR-16C-5.75","CRYUR-16C-5.75","022551000","CYU01-No23C"
"zcrm_7345477000025727499","CRYUR-20C-5.75","CRYUR-20C-5.75","022552000","CYU01-No24C"
"zcrm_7345477000025727500","CRYUR-24C-5.75","CRYUR-24C-5.75","022553000","CYU01-No25C"
"zcrm_7345477000025727501","CRYUR-26C-5.75","CRYUR-26C-5.75","022554000","CYU01-No26C"
"zcrm_7345477000025727502","CRYUR-10C-6.15S","CRYUR-10C-6.15S","022557000","CYU00-No01B"
"zcrm_7345477000025727691","CRYURC-16C-6.15S","CRYURC-16C-6.15S","025179000","CYU00-No07B"
"zcrm_7345477000025727503","CRYUR-13C-6.15S","CRYUR-13C-6.15S","022558000","CYU00-No02B"
"zcrm_7345477000025727692","CRYURC-20C-6.15S","CRYURC-20C-6.15S","025180000","CYU00-No08B"
"zcrm_7345477000025727504","CRYUR-16C-6.15S","CRYUR-16C-6.15S","022559000","CYU00-No03B"
"zcrm_7345477000025727693","CRYURC-24C-6.15S","CRYURC-24C-6.15S","025181000","CYU00-No09B"
"zcrm_7345477000025727505","CRYUR-20C-6.15S","CRYUR-20C-6.15S","022561000","CYU00-No04B"
"zcrm_7345477000025727694","CRYURC-26C-6.15S","CRYURC-26C-6.15S","025182000","CYU00-No10B"
"zcrm_7345477000025727506","CRYUR-24C-6.15S","CRYUR-24C-6.15S","022562000","CYU00-No05B"
"zcrm_7345477000025728245","CRYURC-16C-6.15","CRYURC-16C-6.15","031452000","CYU02-No21B"
"zcrm_7345477000025727507","CRYUR-26C-6.15S","CRYUR-26C-6.15S","022565000","CYU00-No06B"
"zcrm_7345477000025728246","CRYURC-20C-6.15","CRYURC-20C-6.15","031453000","CYU02-No22B"
"zcrm_7345477000025727508","CRYUR-10C-6.25S","CRYUR-10C-6.25S","022571000","CYU01-No01C"
"zcrm_7345477000025728247","CRYURC-24C-6.15","CRYURC-24C-6.15","031454000","CYU02-No23B"
"zcrm_7345477000025727509","CRYUR-13C-6.25S","CRYUR-13C-6.25S","022572000","CYU01-No02C"
"zcrm_7345477000025728248","CRYURC-26C-6.15","CRYURC-26C-6.15","031455000","CYU02-No24B"
"zcrm_7345477000025727510","CRYUR-16C-6.25S","CRYUR-16C-6.25S","022573000","CYU01-No03C"
"zcrm_7345477000025727695","CRYURC-16C-6.25S","CRYURC-16C-6.25S","025183000","CYU01-No07C"
"zcrm_7345477000025727511","CRYUR-20C-6.25S","CRYUR-20C-6.25S","022575000","CYU01-No04C"
"zcrm_7345477000025727696","CRYURC-20C-6.25S","CRYURC-20C-6.25S","025184000","CYU01-No08C"
"zcrm_7345477000025727512","CRYUR-24C-6.25S","CRYUR-24C-6.25S","022576000","CYU01-No05C"
"zcrm_7345477000025727697","CRYURC-24C-6.25S","CRYURC-24C-6.25S","025185000","CYU01-No09C"
"zcrm_7345477000025727513","CRYUR-26C-6.25S","CRYUR-26C-6.25S","022577000","CYU01-No06C"
"zcrm_7345477000025727698","CRYURC-26C-6.25S","CRYURC-26C-6.25S","025186000","CYU01-No10C"
"zcrm_7345477000025728221","CRYUR-10C-6.25","CRYUR-10C-6.25","031428000","CYU02-No01B"
"zcrm_7345477000025728249","CRYURC-16C-6.25","CRYURC-16C-6.25","031456000","CYU02-No31B"
"zcrm_7345477000025728222","CRYUR-13C-6.25","CRYUR-13C-6.25","031429000","CYU02-No02B"
"zcrm_7345477000025728250","CRYURC-20C-6.25","CRYURC-20C-6.25","031457000","CYU02-No32B"
"zcrm_7345477000025728223","CRYUR-16C-6.25","CRYUR-16C-6.25","031430000","CYU02-No03B"
"zcrm_7345477000025728251","CRYURC-24C-6.25","CRYURC-24C-6.25","031458000","CYU02-No33B"
"zcrm_7345477000025728224","CRYUR-20C-6.25","CRYUR-20C-6.25","031431000","CYU02-No04B"
"zcrm_7345477000025728252","CRYURC-26C-6.25","CRYURC-26C-6.25","031459000","CYU02-No34B"
"zcrm_7345477000025728225","CRYUR-24C-6.25","CRYUR-24C-6.25","031432000","CYU02-No05B"
"zcrm_7345477000025727699","CRYURC-16C-6.4S","CRYURC-16C-6.4S","025187000","CYU01-No17C"
"zcrm_7345477000025728226","CRYUR-26C-6.25","CRYUR-26C-6.25","031433000","CYU02-No06B"
"zcrm_7345477000025727700","CRYURC-20C-6.4S","CRYURC-20C-6.4S","025188000","CYU01-No18C"
"zcrm_7345477000025727514","CRYUR-10C-6.4S","CRYUR-10C-6.4S","022578000","CYU01-No11C"
"zcrm_7345477000025727701","CRYURC-24C-6.4S","CRYURC-24C-6.4S","025189000","CYU01-No19C"
"zcrm_7345477000025727515","CRYUR-13C-6.4S","CRYUR-13C-6.4S","022579000","CYU01-No12C"
"zcrm_7345477000025727702","CRYURC-26C-6.4S","CRYURC-26C-6.4S","025190000","CYU01-No20C"
"zcrm_7345477000025727516","CRYUR-16C-6.4S","CRYUR-16C-6.4S","022580000","CYU01-No13C"
"zcrm_7345477000025728253","CRYURC-16C-6.4","CRYURC-16C-6.4","031460000","CYU02-No41B"
"zcrm_7345477000025727517","CRYUR-20C-6.4S","CRYUR-20C-6.4S","022581000","CYU01-No14C"
"zcrm_7345477000025728254","CRYURC-20C-6.4","CRYURC-20C-6.4","031461000","CYU02-No42B"
"zcrm_7345477000025727518","CRYUR-24C-6.4S","CRYUR-24C-6.4S","022582000","CYU01-No15C"
"zcrm_7345477000025728255","CRYURC-24C-6.4","CRYURC-24C-6.4","031462000","CYU02-No43B"
"zcrm_7345477000025727519","CRYUR-26C-6.4S","CRYUR-26C-6.4S","022583000","CYU01-No16C"
"zcrm_7345477000025728256","CRYURC-26C-6.4","CRYURC-26C-6.4","031463000","CYU02-No44B"
"zcrm_7345477000025728227","CRYUR-10C-6.4","CRYUR-10C-6.4","031434000","CYU02-No11B"
"zcrm_7345477000025727703","CRYURC-16C-6.75","CRYURC-16C-6.75","025191000","CYU01-No27C"
"zcrm_7345477000025728228","CRYUR-13C-6.4","CRYUR-13C-6.4","031435000","CYU02-No12B"
"zcrm_7345477000025727704","CRYURC-20C-6.75","CRYURC-20C-6.75","025192000","CYU01-No28C"
"zcrm_7345477000025728229","CRYUR-16C-6.4","CRYUR-16C-6.4","031436000","CYU02-No13B"
"zcrm_7345477000025727705","CRYURC-24C-6.75","CRYURC-24C-6.75","025193000","CYU01-No29C"
"zcrm_7345477000025728230","CRYUR-20C-6.4","CRYUR-20C-6.4","031437000","CYU02-No14B"
"zcrm_7345477000025727706","CRYURC-26C-6.75","CRYURC-26C-6.75","025194000","CYU01-No30C"
"zcrm_7345477000025728231","CRYUR-24C-6.4","CRYUR-24C-6.4","031438000","CYU02-No15B"
"zcrm_7345477000025728232","CRYUR-26C-6.4","CRYUR-26C-6.4","031439000","CYU02-No16B"
"zcrm_7345477000025727520","CRYUR-10C-6.75","CRYUR-10C-6.75","022584000","CYU01-No21C"
"zcrm_7345477000025727521","CRYUR-13C-6.75","CRYUR-13C-6.75","022585000","CYU01-No22C"
"zcrm_7345477000025727522","CRYUR-16C-6.75","CRYUR-16C-6.75","022586000","CYU01-No23C"
"zcrm_7345477000025727523","CRYUR-20C-6.75","CRYUR-20C-6.75","022587000","CYU01-No24C"
"zcrm_7345477000025727524","CRYUR-24C-6.75","CRYUR-24C-6.75","022590000","CYU01-No25C"
"zcrm_7345477000025727525","CRYUR-26C-6.75","CRYUR-26C-6.75","022591000","CYU01-No26C"
"zcrm_7345477000025727636","NKU4-3","NKU4-3","023041000","NB01-No01A"
"zcrm_7345477000025727643","NKU48-3","NKU48-3","023060000","NB01-No13A"
"zcrm_7345477000025727650","NKS2-3","NKS2-3","023082000","NB01-No25A"
"zcrm_7345477000025727657","NYU2-5","NYU2-5","023102000","NB01-No37A"
"zcrm_7345477000025727666","NYU4-5","NYU4-5","023136000","NB02-No01A"
"zcrm_7345477000025727675","NYU48-5","NYU48-5","023147000","NB02-No13A"
"zcrm_7345477000025727684","NYU･T-9","NYU･T-9","023171000","NB02-No25A"
"zcrm_7345477000025727637","NKU4-5","NKU4-5","023042000","NB01-No02A"
"zcrm_7345477000025727644","NKU48-5","NKU48-5","023061000","NB01-No14A"
"zcrm_7345477000025727651","NKS2-5","NKS2-5","023084000","NB01-No26A"
"zcrm_7345477000025727658","NYU2-9","NYU2-9","023103000","NB01-No39A"
"zcrm_7345477000025727667","NYU4-9","NYU4-9","023137000","NB02-No03A"
"zcrm_7345477000025727676","NYU48-9","NYU48-9","023148000","NB02-No15A"
"zcrm_7345477000025727685","NYU･T-13","NYU･T-13","023173000","NB02-No27A"
"zcrm_7345477000025727638","NKU4-8","NKU4-8","023043000","NB01-No03A"
"zcrm_7345477000025727645","NKU48-8","NKU48-8","023065000","NB01-No15A"
"zcrm_7345477000025727652","NKS2-8","NKS2-8","023085000","NB01-No27A"
"zcrm_7345477000025727659","NYU2-10","NYU2-10","023104000","NB01-No40A"
"zcrm_7345477000025727668","NYU4-10","NYU4-10","023138000","NB02-No04A"
"zcrm_7345477000025727677","NYU48-10","NYU48-10","023149000","NB02-No16A"
"zcrm_7345477000025727686","NYU･T-16","NYU･T-16","023175000","NB02-No29A"
"zcrm_7345477000025727639","NKU4-10","NKU4-10","023044000","NB01-No04A"
"zcrm_7345477000025727646","NKU48-10","NKU48-10","023066000","NB01-No16A"
"zcrm_7345477000025727653","NKS2-10","NKS2-10","023086000","NB01-No28A"
"zcrm_7345477000025727660","NYU2-13","NYU2-13","023106000","NB01-No42A"
"zcrm_7345477000025727669","NYU4-13","NYU4-13","023140000","NB02-No06A"
"zcrm_7345477000025727678","NYU48-13","NYU48-13","023157000","NB02-No18A"
"zcrm_7345477000025727687","NYU･T-18","NYU･T-18","023176000","NB02-No30A"
"zcrm_7345477000025727640","NKU4-13","NKU4-13","023045000","NB01-No05A"
"zcrm_7345477000025727647","NKU48-13","NKU48-13","023067000","NB01-No17A"
"zcrm_7345477000025727654","NKS2-13","NKS2-13","023088000","NB01-No29A"
"zcrm_7345477000025727661","NYU2-16","NYU2-16","023108000","NB01-No44A"
"zcrm_7345477000025727670","NYU4-16","NYU4-16","023142000","NB02-No08A"
"zcrm_7345477000025727679","NYU48-16","NYU48-16","023160000","NB02-No20A"
"zcrm_7345477000025727688","NYU･T-21","NYU･T-21","023177000","NB02-No31A"
"zcrm_7345477000025727641","NKU4-15","NKU4-15","023047000","NB01-No06A"
"zcrm_7345477000025727648","NKU48-15","NKU48-15","023068000","NB01-No18A"
"zcrm_7345477000025727655","NKS2-15","NKS2-15","023089000","NB01-No30A"
"zcrm_7345477000025727662","NYU2-18","NYU2-18","023109000","NB01-No45A"
"zcrm_7345477000025727671","NYU4-18","NYU4-18","023143000","NB02-No09A"
"zcrm_7345477000025727680","NYU48-18","NYU48-18","023164000","NB02-No21A"
"zcrm_7345477000025727689","NYU･T-25","NYU･T-25","023178000","NB02-No32A"
"zcrm_7345477000025727642","NKU4-18","NKU4-18","023048000","NB01-No07A"
"zcrm_7345477000025727649","NKU48-18","NKU48-18","023069000","NB01-No19A"
"zcrm_7345477000025727656","NKS2-18","NKS2-18","023091000","NB01-No31A"
"zcrm_7345477000025727663","NYU2-21","NYU2-21","023110000","NB01-No46A"
"zcrm_7345477000025727672","NYU4-21","NYU4-21","023144000","NB02-No10A"
"zcrm_7345477000025727681","NYU48-21","NYU48-21","023165000","NB02-No22A"
"zcrm_7345477000025727690","NYU･T-31","NYU･T-31","023179000","NB02-No33A"
"zcrm_7345477000025727664","NYU2-25","NYU2-25","023111000","NB01-No47A"
"zcrm_7345477000025727673","NYU4-25","NYU4-25","023145000","NB02-No11A"
"zcrm_7345477000025727682","NYU48-25","NYU48-25","023166000","NB02-No23A"
"zcrm_7345477000025727665","NYU2-31","NYU2-31","023112000","NB01-No48A"
"zcrm_7345477000025727674","NYU4-31","NYU4-31","023146000","NB02-No12A"
"zcrm_7345477000025727683","NYU48-31","NYU48-31","023167000","NB02-No24A"
"zcrm_7345477000010940240","FRP製 無臭便槽","MKU3-3","023215000","NB03-No01A"
"zcrm_7345477000010940247","FRP製 無臭便槽","MKS2-3","023235000","NB03-No20A"
"zcrm_7345477000010940254","FRP製 無臭便槽","MYU3-5","023267000","NB03-No32A"
"zcrm_7345477000010940263","FRP製 無臭便槽","MYU38-5","023278000","NB03-No44A"
"zcrm_7345477000010940241","FRP製 無臭便槽","MKU3-5","023216000","NB03-No02A"
"zcrm_7345477000010940248","FRP製 無臭便槽","MKS2-5","023236000","NB03-No21A"
"zcrm_7345477000010940255","FRP製 無臭便槽","MYU3-9","023268000","NB03-No34A"
"zcrm_7345477000010940264","FRP製 無臭便槽","MYU38-9","023279000","NB03-No46A"
"zcrm_7345477000010940242","FRP製 無臭便槽","MKU3-8","023217000","NB03-No03A"
"zcrm_7345477000010940249","FRP製 無臭便槽","MKS2-8","023237000","NB03-No22A"
"zcrm_7345477000010940256","FRP製 無臭便槽","MYU3-10","023269000","NB03-No35A"
"zcrm_7345477000010940265","FRP製 無臭便槽","MYU38-10","023284000","NB03-No47A"
"zcrm_7345477000010940243","FRP製 無臭便槽","MKU3-10","023218000","NB03-No04A"
"zcrm_7345477000010940250","FRP製 無臭便槽","MKS2-10","023249000","NB03-No23A"
"zcrm_7345477000010940257","FRP製 無臭便槽","MYU3-13","023271000","NB03-No37A"
"zcrm_7345477000010940266","FRP製 無臭便槽","MYU38-13","023286000","NB03-No49A"
"zcrm_7345477000010940244","FRP製 無臭便槽","MKU3-13","023219000","NB03-No05A"
"zcrm_7345477000010940251","FRP製 無臭便槽","MKS2-13","023253000","NB03-No24A"
"zcrm_7345477000010940258","FRP製 無臭便槽","MYU3-16","023273000","NB03-No39A"
"zcrm_7345477000010940267","FRP製 無臭便槽","MYU38-16","023288000","NB03-No51A"
"zcrm_7345477000010940245","FRP製 無臭便槽","MKU3-15","023220000","NB03-No06A"
"zcrm_7345477000010940252","FRP製 無臭便槽","MKS2-15","023260000","NB03-No25A"
"zcrm_7345477000010940259","FRP製 無臭便槽","MYU3-18","023274000","NB03-No40A"
"zcrm_7345477000010940268","FRP製 無臭便槽","MYU38-18","023289000","NB03-No52A"
"zcrm_7345477000010940246","FRP製 無臭便槽","MKU3-18","023221000","NB03-No07A"
"zcrm_7345477000010940253","FRP製 無臭便槽","MKS2-18","023261000","NB03-No26A"
"zcrm_7345477000010940260","FRP製 無臭便槽","MYU3-21","023275000","NB03-No41A"
"zcrm_7345477000010940269","FRP製 無臭便槽","MYU38-21","023290000","NB03-No53A"
"zcrm_7345477000010940261","FRP製 無臭便槽","MYU3-25","023276000","NB03-No42A"
"zcrm_7345477000010940270","FRP製 無臭便槽","MYU38-25","023291000","NB03-No54A"
"zcrm_7345477000010940262","FRP製 無臭便槽","MYU3-31","023277000","NB03-No43A"
"zcrm_7345477000010940271","FRP製 無臭便槽","MYU38-31","023303000","NB03-No55A"
"zcrm_7345477000010940190","FRP製 小型埋設受水槽","JK-3","023361000","NB04-No01A"
"zcrm_7345477000010940197","FRP製 小型埋設受水槽","JY-5","023374000","NB04-No13A"
"zcrm_7345477000010940206","FRP製 特殊受水槽","TJY-2000-12","023396000","ＴＪ01-No01A"
"zcrm_7345477000010940212","FRP製 特殊受水槽","TJY-2000-13","023404000","ＴＪ01-No11A"
"zcrm_7345477000010940222","FRP製 特殊受水槽","TJY-3000-16","023414000","ＴＪ01-No21A"
"zcrm_7345477000010940233","FRP製 特殊受水槽","TJY-9000-20","023432000","ＴＪ01-No36A"
"zcrm_7345477000010940191","FRP製 小型埋設受水槽","JK-5","023362000","NB04-No02A"
"zcrm_7345477000010940198","FRP製 小型埋設受水槽","JY-9","023385000","NB04-No15A"
"zcrm_7345477000010940207","FRP製 特殊受水槽","TJY-2500-12","023397000","ＴＪ01-No02A"
"zcrm_7345477000010940213","FRP製 特殊受水槽","TJY-2500-13","023405000","ＴＪ01-No12A"
"zcrm_7345477000010940223","FRP製 特殊受水槽","TJY-4000-16","023415000","ＴＪ01-No22A"
"zcrm_7345477000010940234","FRP製 特殊受水槽","TJY-10000-20","023433000","ＴＪ01-No37A"
"zcrm_7345477000010940192","FRP製 小型埋設受水槽","JK-8","023363000","NB04-No03A"
"zcrm_7345477000010940199","FRP製 小型埋設受水槽","JY-10","023386000","NB04-No16A"
"zcrm_7345477000010940208","FRP製 特殊受水槽","TJY-3000-12","023398000","ＴＪ01-No03A"
"zcrm_7345477000010940214","FRP製 特殊受水槽","TJY-3000-13","023406000","ＴＪ01-No13A"
"zcrm_7345477000010940224","FRP製 特殊受水槽","TJY-5000-16","023416000","ＴＪ01-No23A"
"zcrm_7345477000010940235","FRP製 特殊受水槽","TJY-13000-20","023434000","ＴＪ01-No38A"
"zcrm_7345477000010940193","FRP製 小型埋設受水槽","JK-10","023364000","NB04-No04A"
"zcrm_7345477000010940200","FRP製 小型埋設受水槽","JY-13","023388000","NB04-No18A"
"zcrm_7345477000010940209","FRP製 特殊受水槽","TJY-4000-12","023399000","ＴＪ01-No04A"
"zcrm_7345477000010940215","FRP製 特殊受水槽","TJY-4000-13","023407000","ＴＪ01-No14A"
"zcrm_7345477000010940225","FRP製 特殊受水槽","TJY-6000-16","023417000","ＴＪ01-No24A"
"zcrm_7345477000010940236","FRP製 特殊受水槽","TJY-15000-20","023439000","ＴＪ01-No39A"
"zcrm_7345477000010940194","FRP製 小型埋設受水槽","JK-13","023365000","NB04-No05A"
"zcrm_7345477000010940201","FRP製 小型埋設受水槽","JY-16","023390000","NB04-No20A"
"zcrm_7345477000010940210","FRP製 特殊受水槽","TJY-5000-12","023400000","ＴＪ01-No05A"
"zcrm_7345477000010940216","FRP製 特殊受水槽","TJY-5000-13","023408000","ＴＪ01-No15A"
"zcrm_7345477000010940226","FRP製 特殊受水槽","TJY-7000-16","023418000","ＴＪ01-No25A"
"zcrm_7345477000010940237","FRP製 特殊受水槽","TJY-20000-20","023444000","ＴＪ01-No40A"
"zcrm_7345477000010940195","FRP製 小型埋設受水槽","JK-15","023366000","NB04-No06A"
"zcrm_7345477000010940202","FRP製 小型埋設受水槽","JY-18","023391000","NB04-No21A"
"zcrm_7345477000010940211","FRP製 特殊受水槽","TJY-6000-12","023401000","ＴＪ01-No06A"
"zcrm_7345477000010940217","FRP製 特殊受水槽","TJY-6000-13","023409000","ＴＪ01-No16A"
"zcrm_7345477000010940227","FRP製 特殊受水槽","TJY-8000-16","023422000","ＴＪ01-No26A"
"zcrm_7345477000010940238","FRP製 特殊受水槽","TJY-25000-20","023445000","ＴＪ01-No41A"
"zcrm_7345477000010940196","FRP製 小型埋設受水槽","JK-18","023367000","NB04-No07A"
"zcrm_7345477000010940203","FRP製 小型埋設受水槽","JY-21","023393000","NB04-No22A"
"zcrm_7345477000010940218","FRP製 特殊受水槽","TJY-7000-13","023410000","ＴＪ01-No17A"
"zcrm_7345477000010940228","FRP製 特殊受水槽","TJY-9000-16","023423000","ＴＪ01-No27A"
"zcrm_7345477000010940239","FRP製 特殊受水槽","TJY-28000-20","041915000","ＴＪ01-No43A"
"zcrm_7345477000010940204","FRP製 小型埋設受水槽","JY-25","023394000","NB04-No23A"
"zcrm_7345477000010940219","FRP製 特殊受水槽","TJY-8000-13","023411000","ＴＪ01-No18A"
"zcrm_7345477000010940229","FRP製 特殊受水槽","TJY-10000-16","023424000","ＴＪ01-No28A"
"zcrm_7345477000010940205","FRP製 小型埋設受水槽","JY-31","023395000","NB04-No24A"
"zcrm_7345477000010940220","FRP製 特殊受水槽","TJY-9000-13","023412000","ＴＪ01-No19A"
"zcrm_7345477000010940230","FRP製 特殊受水槽","TJY-12000-16","023425000","ＴＪ01-No29A"
"zcrm_7345477000010940221","FRP製 特殊受水槽","TJY-10000-13","023413000","ＴＪ01-No20A"
"zcrm_7345477000010940231","FRP製 特殊受水槽","TJY-13000-16","023426000","ＴＪ01-No30A"
"zcrm_7345477000010940232","FRP製 特殊受水槽","TJY-15000-16","023427000","ＴＪ01-No31A"
"zcrm_7345477000010940147","FRP製 汲取排水槽","OY-5","023190000","NB02-No44A"
"zcrm_7345477000010940156","FRP製 特殊くみ取り排水槽","TOY-2000-12","023453000","T001-No01A"
"zcrm_7345477000010940162","FRP製 特殊くみ取り排水槽","TOY-2000-13","023504000","T001-No11A"
"zcrm_7345477000010940172","FRP製 特殊くみ取り排水槽","TOY-3000-16","023517000","T001-No21A"
"zcrm_7345477000010940183","FRP製 特殊くみ取り排水槽","TOY-9000-20","023537000","T001-No36A"
"zcrm_7345477000010940148","FRP製 汲取排水槽","OY-9","023191000","NB02-No46A"
"zcrm_7345477000010940157","FRP製 特殊くみ取り排水槽","TOY-2500-12","023468000","T001-No02A"
"zcrm_7345477000010940163","FRP製 特殊くみ取り排水槽","TOY-2500-13","023505000","T001-No12A"
"zcrm_7345477000010940173","FRP製 特殊くみ取り排水槽","TOY-4000-16","023518000","T001-No22A"
"zcrm_7345477000010940184","FRP製 特殊くみ取り排水槽","TOY-10000-20","023538000","T001-No37A"
"zcrm_7345477000010940149","FRP製 汲取排水槽","OY-10","023192000","NB02-No47A"
"zcrm_7345477000010940158","FRP製 特殊くみ取り排水槽","TOY-3000-12","023479000","T001-No03A"
"zcrm_7345477000010940164","FRP製 特殊くみ取り排水槽","TOY-3000-13","023506000","T001-No13A"
"zcrm_7345477000010940174","FRP製 特殊くみ取り排水槽","TOY-5000-16","023519000","T001-No23A"
"zcrm_7345477000010940185","FRP製 特殊くみ取り排水槽","TOY-13000-20","023540000","T001-No38A"
"zcrm_7345477000010940150","FRP製 汲取排水槽","OY-13","023205000","NB02-No49A"
"zcrm_7345477000010940159","FRP製 特殊くみ取り排水槽","TOY-4000-12","023499000","T001-No04A"
"zcrm_7345477000010940165","FRP製 特殊くみ取り排水槽","TOY-4000-13","023508000","T001-No14A"
"zcrm_7345477000010940175","FRP製 特殊くみ取り排水槽","TOY-6000-16","023520000","T001-No24A"
"zcrm_7345477000010940186","FRP製 特殊くみ取り排水槽","TOY-15000-20","023541000","T001-No39A"
"zcrm_7345477000010940151","FRP製 汲取排水槽","OY-16","023210000","NB02-No51A"
"zcrm_7345477000010940160","FRP製 特殊くみ取り排水槽","TOY-5000-12","023500000","T001-No05A"
"zcrm_7345477000010940166","FRP製 特殊くみ取り排水槽","TOY-5000-13","023509000","T001-No15A"
"zcrm_7345477000010940176","FRP製 特殊くみ取り排水槽","TOY-7000-16","023521000","T001-No25A"
"zcrm_7345477000010940187","FRP製 特殊くみ取り排水槽","TOY-20000-20","023542000","T001-No40A"
"zcrm_7345477000010940152","FRP製 汲取排水槽","OY-18","023211000","NB02-No52A"
"zcrm_7345477000010940161","FRP製 特殊くみ取り排水槽","TOY-6000-12","023501000","T001-No06A"
"zcrm_7345477000010940167","FRP製 特殊くみ取り排水槽","TOY-6000-13","023510000","T001-No16A"
"zcrm_7345477000010940177","FRP製 特殊くみ取り排水槽","TOY-8000-16","023522000","T001-No26A"
"zcrm_7345477000010940188","FRP製 特殊くみ取り排水槽","TOY-25000-20","023545000","T001-No41A"
"zcrm_7345477000010940153","FRP製 汲取排水槽","OY-21","023212000","NB02-No53A"
"zcrm_7345477000010940168","FRP製 特殊くみ取り排水槽","TOY-7000-13","023511000","T001-No17A"
"zcrm_7345477000010940178","FRP製 特殊くみ取り排水槽","TOY-9000-16","023523000","T001-No27A"
"zcrm_7345477000010940189","FRP製 特殊くみ取り排水槽","TOY-28000-20","041916000","T001-No42A"
"zcrm_7345477000010940154","FRP製 汲取排水槽","OY-25","023213000","NB02-No54A"
"zcrm_7345477000010940169","FRP製 特殊くみ取り排水槽","TOY-8000-13","023513000","T001-No18A"
"zcrm_7345477000010940179","FRP製 特殊くみ取り排水槽","TOY-10000-16","023524000","T001-No28A"
"zcrm_7345477000010940155","FRP製 汲取排水槽","OY-31","023214000","NB02-No55A"
"zcrm_7345477000010940170","FRP製 特殊くみ取り排水槽","TOY-9000-13","023514000","T001-No19A"
"zcrm_7345477000010940180","FRP製 特殊くみ取り排水槽","TOY-12000-16","023526000","T001-No29A"
"zcrm_7345477000010940171","FRP製 特殊くみ取り排水槽","TOY-10000-13","023515000","T001-No20A"
"zcrm_7345477000010940181","FRP製 特殊くみ取り排水槽","TOY-13000-16","023527000","T001-No30A"
"zcrm_7345477000010940182","FRP製 特殊くみ取り排水槽","TOY-15000-16","023530000","T001-No31A"
